question,answer,options,meta_info,answer_idx,medical_category
"A 43-year-old woman is brought to the emergency department because of severe central chest pain, mild shortness of breath, and one episode of coughing up blood since waking up that morning. The pain worsens on inspiration, and she describes it as 8 out of 10 in intensity. Three months ago, she underwent a left modified radical mastectomy for invasive ductal carcinoma. Her temperature is 37.8°C (100°F), pulse is 103/min, respirations are 20/min, and blood pressure is 102/74 mm Hg. Pulse oximetry on room air shows an oxygen saturation of 93%. The lungs are clear to auscultation. Cardiac examination shows no abnormalities. The left lower extremity is swollen and erythematous. Laboratory studies show a normal complete blood count, creatinine of 1.0 mg/dL, and a creatinine clearance of 81 mL/min (N = 75–115). Arterial blood gas analysis on room air shows:
pH 7.49
PCO2 29 mm Hg
PO2 69 mm Hg
HCO3- 22 mEq/L
An x-ray of the chest shows no abnormalities. Which of the following is the most appropriate next step in management?""",Low molecular weight heparin therapy,"{""A"": ""CT pulmonary angiography"", ""B"": ""D-dimer levels"", ""C"": ""Catheter embolectomy"", ""D"": ""Alteplase therapy"", ""E"": ""Low molecular weight heparin therapy""}",step2&3,E,"[""Cardiovascular"", ""Pulmonology / Respiratory""]"
"A 64-year-old man is brought to his primary care physician by his daughter for forgetfulness. The patient’s daughter reports that over the past 2 weeks the patient has become more confused. He did not remember to pick up his car from the body shop last week, and yesterday, he did not show up to his grandson’s birthday party. When she went over to the patient’s house to check on him, she noticed the mailbox was stuffed with unopened letters. The patient says “I’m fine. I just have a headache.” The patient’s daughter adds, “I just hope you’re not drinking again dad. Your neighbor saw you fall outside the house a few weeks ago, and the other day you said you were nauseous and vomited.” The patient’s medical history is significant for a history of alcohol abuse, hypertension, hyperlipidemia, and atrial fibrillation. He takes aspirin, amlodipine, metoprolol, atorvastatin, and warfarin. He smokes cigars, but denies alcohol use since he started psychotherapy 7 months ago. The patient’s temperature is 97°F (36.1°C), blood pressure is 144/92 mmHg, and pulse is 82/min. On physical examination, there is a 3 cm ecchymosis on the right scalp. No focal neurological deficits are appreciated. Gait is normal. An initial complete blood count shows normocytic anemia. The patient’s INR is 2.5. Imaging is pending. Which of the following is a treatment option for the patient’s most likely diagnosis?",Burr hole,"{""A"": ""Alteplase"", ""B"": ""Burr hole"", ""C"": ""Donepezil"", ""D"": ""Thiamine supplementation"", ""E"": ""Vitamin B12 supplementation""}",step2&3,B,"[""Cardiovascular"", ""Neurology""]"
"A 72-year-old man with a history of diabetes, dyslipidemia, and hypertension presents to the emergency department with sudden-onset right-sided facial paresthesia, word-finding difficulty, and lightheadedness. He was at a restaurant, in general good health, enjoying a dinner with friends when the 1st symptoms started. He takes atorvastatin, lisinopril, hydrochlorothiazide, and a multivitamin every day. A review of symptoms was negative. His symptoms spontaneously resolved after 5 minutes. In the emergency department, the vital signs included: blood pressure of 132/80 mm Hg, heart rate of 86/min, respiratory rate of 20/min, and oxygen saturation of 99% on room air. The laboratory results included:
Hemoglobin 11.3 g/dL
Hematocrit 33%
WBC count 9,800/mm3
Platelet count 247,000/mm3
International normalized ratio (INR) 1.1
Prothrombin time (PT) 11.5 seconds
Partial thromboplastin time (PTT) 32 seconds
His electrocardiogram (ECG) and his head computed tomography (CT) scan were normal. A duplex ultrasound scan shows 70–89% stenosis in the left carotid artery and 50% in the right. In the course of evaluation, his aphasia recurred for 3 minutes. A brain magnetic resonance imaging (MRI) scan was negative for areas of ischemia or intracranial hemorrhage. His symptom recurrence prompted his hospital admission for inpatient care. What is the next step in management?",Carotid endarterectomy,"{""A"": ""IV unfractionated heparin"", ""B"": ""Enoxaparin"", ""C"": ""Thrombolysis"", ""D"": ""Carotid endarterectomy"", ""E"": ""Carotid artery stenting""}",step2&3,D,"[""Hematology / Oncology"", ""Cardiovascular""]"
"A 30-year-old man presents to the emergency department after being attacked by 2 men a few minutes ago. He was suddenly approached by 2 men holding knives while he was walking on the street nearby. While trying to escape, he was stabbed once in the neck. He is complaining of difficulty breathing and chest pain. He is in apparent distress. His temperature is 36.8°C (98.2°F), the blood pressure is 100/60 mm Hg, the pulse is 110/min, the respirations are 28/min, and the SaO2 is 85% on 4 L oxygen by nasal cannula. Examination of the neck reveals a deep penetrating injury on the right side and distended neck veins. The respiratory exam shows severe tenderness in the right chest, decreased inspiration in the right lung, and tracheal deviation to the left. What is the next best step in the management of this patient?",Needle thoracostomy,"{""A"": ""Pericardiocentesis"", ""B"": ""Intravenous fluids"", ""C"": ""Dobutamine"", ""D"": ""Needle thoracostomy"", ""E"": ""Pain relief and observation""}",step1,D,"[""Pulmonology / Respiratory"", ""Emergency / Critical Care""]"
"A 25-year-old man presents to the emergency department after a motor vehicle collision. He is currently complaining of chest pain and shortness of breath and seems rather confused. His temperature is 97.7°F (36.5°C), blood pressure is 94/54 mmHg, pulse is 170/min, respirations are 12/min, and oxygen saturation is 90% on room air. A 14-gauge needle is placed in the 2nd intercostal space on the patient’s left, and his blood pressure increases to 104/74 mmHg and his pulse decreases to 100/min. Which of the following is the best next intervention for this patient?",Tube thoracostomy,"{""A"": ""Chest radiograph"", ""B"": ""Pericardiocentesis"", ""C"": ""Supportive therapy and observation"", ""D"": ""Thoracotomy"", ""E"": ""Tube thoracostomy""}",step2&3,E,"[""Pulmonology / Respiratory"", ""Emergency / Critical Care""]"
"A 49-year-old woman visits the emergency department with the acute onset of severe shortness of breath. She also reports right-sided calf pain that developed after a 22-hour flight from Beijing to Los Angeles, and that, several hours after she felt pain in her calf, she began to have trouble breathing. Currently, her shortness of breath is so severe that she is unable to speak clearly or quickly, but she manages to deny any recent surgery or history of recent bleeding. The vital signs include: blood pressure 111/69 mm Hg, pulse 142/min, and respiratory rate 33/min. On observation, she is using accessory muscles to breathe. On auscultation, her lungs are clear and her heart rate is rapid but regular. Her right calf is swollen, warm, and tender. The arterial blood gas test result reveals a pH of 7.5, partial pressure of carbon dioxide (PCO2) 22 mm Hg, and a partial pressure of oxygen (PaO2) 47 mm Hg on 6 L of oxygen by nasal cannula. Which of the following is the most appropriate next step in the management of this patient?",Streptokinase,"{""A"": ""Unfractionated heparin"", ""B"": ""Streptokinase"", ""C"": ""Low molecular-weight heparin"", ""D"": ""Warfarin"", ""E"": ""Embolectomy""}",step2&3,B,"[""Pulmonology / Respiratory"", ""Cardiovascular""]"
"A 23-year-old man presents to the emergency department presenting with sudden-onset dyspnea and left-sided chest pain over the last hour. This event started when he was in class sitting for an exam. He reports that the pain is worse with inspiration and does not radiate. He says he has anxiety and takes alprazolam as needed. He smokes half a pack of cigarettes a day and drinks alcohol socially. The temperature is 36.7°C (98.0°F), the blood pressure is 130/80 mm Hg, the pulse is 82/min, and the respiratory rate is 14/min. Pulse oximetry shows 97% on room air. The patient’s weight is 63.5 kg (140 lb), height is 185 cm (6 ft 1 in), and he has a BMI of 18.5 kg/m2. A chest X-ray is taken (see exhibit). After an hour of supplemental oxygen, rest, and careful monitoring his dyspnea improves and chest pain resolves without medication. Which of the following is the most appropriate further management of this patient?",Supplemental oxygen,"{""A"": ""Needle thoracostomy"", ""B"": ""IV antibiotics"", ""C"": ""Supplemental oxygen"", ""D"": ""CT angiogram of chest"", ""E"": ""Lorazepam and follow-up with psychiatry""}",step2&3,C,"[""Pulmonology / Respiratory"", ""Endocrinology / Metabolic""]"
"A 57-year-old woman comes to the emergency department because of severe dyspnea, cough, and pleuritic chest pain for 20 minutes. Three weeks ago, she underwent surgery for a total right knee replacement. The patient appears distressed. Her pulse is 112/min, respirations are 24/min, and blood pressure is 88/55 mm Hg. Examination shows jugular venous distention. There is a mildly tender surgical scar on her right knee. A CT scan of the chest is shown. Which of the following is the most appropriate treatment for this patient's condition?",Alteplase,"{""A"": ""Endovascular stent-grafting"", ""B"": ""Alteplase"", ""C"": ""Coronary angioplasty"", ""D"": ""Bumetanide"", ""E"": ""Pericardiocentesis""}",step1,B,"[""Pulmonology / Respiratory"", ""Orthopedics / Trauma""]"
"A 69-year-old woman is brought into the emergency room by family members after they noted that she had become increasingly lethargic over the past 3 days. Her temperature is 39.5°C (103.1°F), the blood pressure is 75/40 mm Hg, the heart rate 130/min, the respiratory rate 24/min, and the oxygen saturation is 89% on room air. On examination, she is severely ill, drowsy, and unable to speak. Her skin is warm to the touch. White blood cell count is 15,000/mm3 and her urinalysis is positive for nitrites and leukocyte esterase. Which of the following is the best initial step in the management of this patient's condition?","Assessment of airway, breathing, and circulation","{""A"": ""Intramuscular adrenaline"", ""B"": ""Intravenous hydrocortisone"", ""C"": ""Infusion of hydroxyethyl starch (HES) solutions"", ""D"": ""Assessment of airway, breathing, and circulation"", ""E"": ""Intravenous noradrenaline""}",step2&3,D,"[""Pulmonology / Respiratory"", ""Cardiovascular""]"
"A 55-year-old man with a history of diabetes and hypertension presents to the emergency department when he found half of his face paralyzed this morning. The patient was last seen normal the night before by his wife and woke up with these symptoms. He has a past medical history of diabetes and hypertension and is not currently taking any medications for these conditions. His temperature is 98.5°F (36.9°C), blood pressure is 177/118 mmHg, pulse is 90/min, respirations are 15/min, and oxygen saturation is 99% on room air. Physical exam is notable for an inability for the patient to move any part of his face on the right side. The rest of his neurological exam is within normal limits. Which of the following is the next best step in management for the most likely diagnosis?",Topical lubricants and discharge,"{""A"": ""CT scan of the head"", ""B"": ""Elevation of the head of the bed and intubation"", ""C"": ""MRI of the head"", ""D"": ""Tissue plasminogen activator"", ""E"": ""Topical lubricants and discharge""}",step2&3,E,"[""Cardiovascular"", ""Endocrinology / Metabolic""]"
"A 24-year-old man is brought to the emergency department after his head was hit with a bat during a baseball game. His teammates state that he was unresponsive after the incident but regained consciousness after 15 minutes. The patient initially refused to go to the hospital and sat on the bench for the remainder of the game. He initially appeared fine but became increasingly confused. He appears lethargic but opens his eyes to loud verbal commands. He is oriented to person and place. His temperature is 37.1 (98.8°F), pulse is 78/min, respiratory rate is 16/min, and blood pressure is 148/87 mm Hg. Examination shows an area of soft-tissue swelling over the left temporal region. A complete blood count and serum concentrations of electrolytes, urea nitrogen, and creatinine are within the reference range. A CT scan of the head is shown. After returning from the CT scan, the patient only opens his eyes to painful stimuli and responds to questions with incomprehensible sounds. He withdraws from painful stimuli. On repeat examination, the left pupil is 6 mm in diameter and reacts minimally to light. The right pupil is 3 mm in diameter and reacts normally to light. His respiratory rate is 10/min and he is intubated in the emergency department. Which of the following is the most appropriate next step in management?",Perform craniotomy,"{""A"": ""Perform repeat head CT"", ""B"": ""Adminster hypotonic saline"", ""C"": ""Administer dexamethasone"", ""D"": ""Perform craniotomy"", ""E"": ""Perform brain MRI""}",step2&3,D,"[""Pulmonology / Respiratory"", ""Emergency / Critical Care""]"
"A 29-year-old man presents to the emergency department due to central chest pain over the past 3 days which is constant and unrelated to exertion. The pain is sharp, severe, increases when lying down, and improves with leaning forward. The pain also radiates to his shoulders and neck. The patient has no past medical history. He has smoked 10 cigarettes per day for the past 7 years and occasionally drinks alcohol. He presents with vital signs: blood pressure 110/70 mm Hg, regular radial pulse of 95/min, and temperature 37.3°C (99.1°F). On physical exam, a scratching sound of to-and-from character is audible over the left sternal border at end-expiration with the patient leaning forward. His chest X-ray is normal and ECG is shown in the picture. Which of the following is the optimal therapy for this patient?",Ibuprofen + colchicine +/- omeprazole,"{""A"": ""Indomethacin +/- omeprazole"", ""B"": ""Ibuprofen + colchicine +/- omeprazole"", ""C"": ""Prednisone + colchicine"", ""D"": ""Pericardiocentesis"", ""E"": ""Pericardiectomy""}",step2&3,B,"[""Cardiovascular"", ""Pulmonology / Respiratory""]"
"A 6-year-old boy is brought to the emergency department by his mother for worsening wheezing and shortness of breath over the past day. He has not had a fever, cough, vomiting, or diarrhea. He has asthma and eczema. He uses a glucocorticoid inhaler and an albuterol inhaler but has missed his medications for the past week while on vacation. He appears uncomfortable. His temperature is 36°C (96.8°F), pulse is 120/min, respirations are 40/min, and blood pressure is 100/80. Expiratory and inspiratory wheezing is heard throughout both lung fields. There are moderate intercostal and subcostal retractions and a decreased inspiratory to expiratory ratio. Nebulized albuterol and ipratropium treatments and intravenous methylprednisolone are given in the emergency department for a presumed asthma exacerbation. One hour later, the child is limp and lethargic. Magnesium sulfate is administered. His temperature is 36°C (96.8°F), pulse is 150/min, respirations are 22/min, and blood pressure is 100/70. No wheezing is heard on repeat pulmonary examination. Which of the following is the most appropriate next step in management?",Intubate with mechanical ventilation,"{""A"": ""Intubate with mechanical ventilation"", ""B"": ""Perform needle thoracostomy at the 2nd intercostal space"", ""C"": ""Perform bronchoscopy"", ""D"": ""Provide helium and oxygen mixture"", ""E"": ""Provide additional dose of methylprednisolone""}",step2&3,A,"[""Pulmonology / Respiratory"", ""Gastroenterology""]"
"A 25-year-old male involved in a knife fight presents with a penetrating wound to the chest. The patient is unconscious and cannot provide any further history. Vitals show a temperature of 37-0°C (98.6°F), blood pressure of 85/55 mm Hg, pulse of 115/min, respirations of 19/min, and oxygen saturation of 92% on room air. On physical examination, the patient is diaphoretic and unresponsive. Extremities are pale and cool. There is a 3-inch long penetrating wound between the 3rd and 4th intercostal space on the left side of the chest, which is bleeding profusely. Transthoracic echocardiography reveals a full thickness penetrating injury to the right ventricular free wall. There are no apparent injuries to any coronary arteries or major branches. The patient is intubated and aggressive fluid resuscitation is initiated, including a blood transfusion. Which of the following is the best definitive surgical approach to take in this patient?",Interrupted 2-0 polypropylene suture with supporting pledgets,"{""A"": ""Immediate cardiac transplant"", ""B"": ""Watchful waiting while resuscitative fluids are initiated"", ""C"": ""Interrupted 2-0 polypropylene suture with supporting pledgets"", ""D"": ""Needle thoracostomy over the 2nd intercostal space"", ""E"": ""Surgical adhesive glue""}",step2&3,C,"[""Cardiovascular"", ""Pulmonology / Respiratory""]"
"An 18-month-old girl is brought to the emergency department because of a cough that her parents are worried about. She has had a runny nose and a low-grade fever for the past 2 days, with some hoarseness and a rough-sounding cough that started this afternoon. This evening she began making some high-pitched sounds when taking breaths, and she seemed to be having some trouble breathing. She is alert and does not appear to be in acute distress. She has a temperature of 38.0°C (100.4 °F), with a respiratory rate of 50/min and O2 saturation of 97%. There is audible inspiratory stridor that worsens when she starts to cry during the examination. She has an occasional barking cough. Her pharynx is mildly erythematous with normal tonsils and no exudate. A frontal X-ray of the upper chest airways is obtained (shown in the image). Which of the following is the best step in management?",Racemic epinephrine and intramuscular corticosteroid therapy,"{""A"": ""Anterior-posterior and lateral radiographs of the neck"", ""B"": ""Intubation"", ""C"": ""Racemic epinephrine and intramuscular corticosteroid therapy"", ""D"": ""Intravenous antibiotics"", ""E"": ""Trial of bronchodilator therapy and oral steroids""}",step2&3,C,"[""Pulmonology / Respiratory"", ""Infectious Disease""]"
"A 23-year-old man is brought to the emergency department 25 minutes after being involved in a high-speed motor vehicle collision in which he was the restrained driver. On questioning by the paramedics, he reported severe chest pain and mild dyspnea. On arrival, he is confused and unable to provide a history. His pulse is 93/min, respirations are 28/min, and blood pressure is 91/65 mm Hg. Pulse oximetry on room air shows an oxygen saturation of 88%. He is able to move his extremities in response to commands. He opens his eyes spontaneously. Pupils are equal and reactive to light. Examination shows multiple bruises over the trunk and extremities. There is a 3-cm (1.2-in) wound at the left fifth intercostal space at the midclavicular line. There is jugular venous distention. Decreased breath sounds and hyperresonance on percussion are noted on the left. Which of the following is the most appropriate next step in management?",Needle decompression,"{""A"": ""CT scan of the chest"", ""B"": ""Bronchoscopy"", ""C"": ""Emergency thoracotomy"", ""D"": ""Needle decompression"", ""E"": ""X-ray of the chest\n\""""}",step2&3,D,"[""Pulmonology / Respiratory"", ""Emergency / Critical Care""]"
"A 62-year-old man presents to the emergency department with shortness of breath. The patient says he feels as if he is unable to take a deep breath. The patient has a past medical history of COPD and a 44-pack-year smoking history. The patient has been admitted before for a similar presentation. His temperature is 98.7°F (37.1°C), blood pressure is 177/118 mmHg, pulse is 123/min, respirations are 33/min, and oxygen saturation is 80% on room air. The patient is started on 100% oxygen, albuterol, ipratropium, magnesium, and prednisone. The patient claims he is still short of breath. Physical exam reveals bilateral wheezes and poor air movement. His oxygen saturation is 80%. Which of the following is the best next step in management?",BiPAP,"{""A"": ""BiPAP"", ""B"": ""Chest radiograph"", ""C"": ""Chest tube placement"", ""D"": ""Intubation"", ""E"": ""Needle decompression""}",step2&3,A,"[""Pulmonology / Respiratory"", ""Emergency / Critical Care""]"
"A 36-year-old man is brought to the emergency department 25 minutes after being involved in a high speed motor-vehicle collision in which he was an unrestrained passenger. He has acute myeloid leukemia and is currently receiving chemotherapy. On arrival, his temperature is 37°C (98.6°F), pulse is 63/min, respirations are 10/min, and blood pressure is 100/70 mm Hg. The pupils are equal and sluggish. There are multiple bruises over the face, trunk, and right upper and lower extremities. There is a 4-cm (1.6-in) laceration over his right cheek. He does not respond to any commands, but does groan. Painful stimuli cause him to open his eyes and withdraw all extremities. There are decreased breath sounds over the right lung base. There is tenderness to palpation over the left chest wall. Cardiac examination shows no abnormalities. The abdomen is soft and shows diffuse tenderness to palpation with no guarding or rebound. There is swelling of the right elbow and wrist. The right lower extremity is shorter than the left lower extremity. There are 2 lacerations around 2 cm (0.8 in) each on the right leg. The right knee is swollen. Which of the following is the most appropriate next step in management?",Intubation and mechanical ventilation,"{""A"": ""Focussed assessment sonography for trauma (FAST)"", ""B"": ""Insertion of intercostal chest tube"", ""C"": ""CT scan of the head and neck"", ""D"": ""X-rays of the extremities"", ""E"": ""Intubation and mechanical ventilation""}",step2&3,E,"[""Hematology / Oncology"", ""Cardiovascular""]"
"A 55-year-old woman with a history of HIV presents to the emergency department with progressive dyspnea, fever, and dry cough for the past 4 days. She has not been compliant with antiretroviral or prophylactic medication. On evaluation, the patient is in moderate respiratory distress. The temperature is 38.8°C (102.0°F), the blood pressure is 124/82 mm Hg, the pulse is 96/min, and the respiratory rate is 20/min. Pulse oximetry is 92% on 4 L oxygen by nasal cannula. Her CD4 count is 180 cells/μL. IV antibiotics and glucocorticoids are administered. After 30 minutes, the patient develops severe respiratory distress. Repeat vital signs show: temperature 38.3°C (101.0°F), blood pressure 80/50 mm Hg, pulse 104/min, respiration rate 32/min and pulse oximetry 85% on nasal cannula. The trachea deviates to the left. Breath sounds are absent on the right side and the neck veins are distended. Telemetry shows sinus tachycardia. Which of the following is the best next step in the management of this patient?",Needle thoracostomy,"{""A"": ""Discontinue antibiotics"", ""B"": ""Administer epinephrine"", ""C"": ""Perform an arterial blood gas"", ""D"": ""Needle thoracostomy"", ""E"": ""Stat chest X-ray""}",step2&3,D,"[""Pulmonology / Respiratory"", ""Infectious Disease""]"
"A 34-year-old patient is brought to the emergency room after a motor vehicle accident. An EKG shows sinus tachycardia and chest radiograph reveals an enlarged cardiac silhouette. While observing sinus tachycardia on the patient's telemetry, you note that the radial pulse cannot be palpated during inspiration. What should be the next step in management of this patient?",Pericardiocentesis,"{""A"": ""IV Heparin"", ""B"": ""Pericardiocentesis"", ""C"": ""Chest CT scan"", ""D"": ""Pericardial window"", ""E"": ""Insert chest tube""}",step1,B,"[""Cardiovascular"", ""Emergency / Critical Care""]"
"A 45-year-old mechanic presents to the emergency department complaining of acute-onset shortness of breath while repairing a plowing tractor for his neighbor. The patient denies having any history of asthma or respiratory symptoms, and does not smoke. His temperature is 99.8°F (37.7°C), pulse is 65/min, blood pressure is 126/86 mmHg, and respirations are 20/min. His oxygen saturation is 97%. On exam, he is pale and diaphoretic. His pupils are contracted. Diffuse wheezes are noted in all lung fields. What is the best treatment for his condition?",Atropine and pralidoxime,"{""A"": ""Intubation"", ""B"": ""Succinylcholine"", ""C"": ""Inhaled ipratropium and oxygen"", ""D"": ""Atropine and pralidoxime"", ""E"": ""Inhaled albuterol and oxygen""}",step1,D,"[""Pulmonology / Respiratory"", ""Emergency / Critical Care""]"
"A 61-year-old man complaining of unexplained bleeding by from the mouth is escorted to the emergency department by corrections officers. Upon examination patient states he feels nauseated as he begins to retch violently and vomit bright red blood. His past medical history is remarkable for cirrhosis secondary to alcohol abuse and untreated hepatitis C. His current blood pressure is 90/50 mm Hg, heart rate is 128/min, and oxygen saturation in room air is 88%. On further questioning, he states that he is scared to die and wants everything done to save his life. IV fluids are initiated and packed RBCs are ordered. You begin to review his labs and notice and he has elevated beta-hydroxybutyrate, ammonia, and lactate. What would be the appropriate response to the patient?",Accept the patient's wishes and ensure he receives appropriate care.,"{""A"": ""Consult an ethics committee to determine whether to resuscitate the patient"", ""B"": ""Do not intubate the patient since he does not have written request to be resuscitated"", ""C"": ""Accept the patient's wishes and appoint and get a psych evaluation."", ""D"": ""Accept the patient's wishes and ensure he receives appropriate care."", ""E"": ""Obtain an emergency order from a judge to initiate resuscitation.""}",step2&3,D,"[""Gastroenterology"", ""Cardiovascular""]"
"A 63-year-old man comes to the emergency department because of retrosternal chest pain. He describes it as 7 out of 10 in intensity. He has coronary artery disease, hypertension, and type 2 diabetes mellitus. His current medications are aspirin, simvastatin, metformin, and enalapril. He has smoked one pack of cigarettes daily for 33 years. On arrival, his pulse is 136/min and irregular, respirations are 20/min, and blood pressure is 85/55 mm Hg. The lungs are clear to auscultation. Cardiac examination shows no abnormalities. An ECG is shown. Which of the following is the most appropriate next step in management?",Synchronized cardioversion,"{""A"": ""Coronary angiogram"", ""B"": ""Intravenous esmolol"", ""C"": ""Intravenous amiodarone"", ""D"": ""Synchronized cardioversion"", ""E"": ""Defibrillation""}",step2&3,D,"[""Cardiovascular"", ""Endocrinology / Metabolic""]"
"A 2-year-old boy in respiratory distress is brought to the emergency department by his parents. They state that approximately one hour after putting their child to sleep, a ""hacking"" cough was heard from his bedroom. After entering his room the parents state their child appeared to be in distress, making a high pitched noise with every breath. Beyond a runny nose for the past few days, the child has been healthy. He has no toys in his bed or access to any other small objects. Physical exam demonstrates a 2-year-old child in respiratory distress.

Which of the following choices is the proper management for this patient?","Dexamethasome, racemic epinephrine and observation for 4 hours; discharge if stridor remits","{""A"": ""Humidified oxygen and dexamethasone; discharge if the patient improves"", ""B"": ""Discharge from the emergency department without treatment"", ""C"": ""Dexamethasome, racemic epinephrine and observation for 4 hours; discharge if stridor remits"", ""D"": ""Broncoscopy to remove a foreign body in the upper airway then discharge"", ""E"": ""Empiric intravenous (IV) antibiotics, intubate and admission""}",step2&3,C,"[""Pulmonology / Respiratory"", ""Emergency / Critical Care""]"
"A 62-year-old man presents to the emergency department with crushing chest pain (10/10 in severity), radiating to the left side of the neck and the left arm. His symptoms started 20 minutes ago while shaving. He also feels nauseated, lightheaded and short of breath. He has had type 2 diabetes for 27 years and essential hypertension for 19 years. He has smoked 20–30 cigarettes per day for the past 35 years. Family history is irrelevant. His temperature is 36.9°C (98.4°F), the blood pressure is 115/72 mm Hg and the pulse is 107/min. Physical examination is unremarkable. ECG is shown in the image. Troponins are elevated. The patient is admitted to a unit with continuous cardiac monitoring. Aspirin, clopidogrel, sublingual nitroglycerin, and morphine are given immediately and the patient now rates the pain as 4–5 out of 10. Which of the following is the best next step in the management of this patient condition?",Percutaneous coronary intervention,"{""A"": ""Percutaneous coronary intervention"", ""B"": ""Intravenous alteplase"", ""C"": ""Coronary artery bypass graft"", ""D"": ""Oral ramipril"", ""E"": ""Oral eplerenone""}",step2&3,A,"[""Cardiovascular"", ""Endocrinology / Metabolic""]"
"A 70-year-old man with a history of hypertension and atrial fibrillation comes to the physician for shortness of breath with mild exertion, progressive weakness, and a dry cough that has persisted for 6 months. He has smoked a pack of cigarettes daily for 45 years. His medications include warfarin, enalapril, and amiodarone. His pulse is 85/min and irregularly irregular. Physical examination shows enlarged fingertips and markedly curved nails. A CT scan of the chest shows clustered air spaces and reticular opacities in the basal parts of the lung. Which of the following is the most likely underlying mechanism of this patient's dyspnea?",Excess collagen deposition in the extracellular matrix of the lung,"{""A"": ""Chronic airway inflammation"", ""B"": ""Bronchial hyperresponsiveness and obstruction"", ""C"": ""Fluid leak into the interstitium and alveoli"", ""D"": ""Pleural scarring"", ""E"": ""Excess collagen deposition in the extracellular matrix of the lung""}",step1,E,"[""Pulmonology / Respiratory"", ""Cardiovascular""]"
"A 25-year-old man is brought to the emergency department after being found unconscious. He was at a college party exhibiting belligerent behavior when he suddenly passed out and fell to the ground. His past medical history is not known. His temperature is 100°F (37.8°C), blood pressure is 107/48 mmHg, pulse is 125/min, respirations are 19/min, and oxygen saturation is 99% on room air. The patient is covered with emesis and responds incoherently to questions. As the patient begins to wake up he continues vomiting. The patient is started on IV fluids, analgesics, and anti-emetics and begins to feel better. Thirty minutes later the patient presents with muscle rigidity and is no longer responding coherently to questions. His temperature is 103°F (39.4°C), blood pressure is 127/68 mmHg, pulse is 125/min, respirations are 18/min, and oxygen saturation is 98% on room air. The patient's basic laboratory studies are drawn and he is started on IV fluids, given lorazepam, and placed under a cooling blanket. Despite these initial measures, his symptoms persist. Which of the following is the best next step in management?",Dantrolene,"{""A"": ""Acetaminophen"", ""B"": ""Dantrolene"", ""C"": ""Diazepam"", ""D"": ""Intubation"", ""E"": ""Supportive therapy""}",step2&3,B,"[""Pulmonology / Respiratory"", ""Gastroenterology""]"
"A 33-year-old man presents to the emergency department after a motor vehicle collision. He was the front seat unrestrained driver in a head-on collision. The patient has a Glasgow Coma Scale of 5 and is subsequently intubated. Physical exam is notable for subcutaneous emphysema in the clavicular area. Needle decompression and chest tube placement are performed, and the patient is stabilized after receiving 2 units of blood and 2 liters of fluid. Chest radiography demonstrates proper tube location and resolution of the pneumothorax. The patient is transferred to the trauma intensive care unit. On the unit, a repeat chest radiograph is notable for a recurrent pneumothorax with the chest tube in place. Which of the following is the most likely diagnosis?",Tracheobronchial rupture,"{""A"": ""Esophageal rupture"", ""B"": ""Inappropriate chest tube placement"", ""C"": ""Spontaneous pneumothorax"", ""D"": ""Tension pneumothorax"", ""E"": ""Tracheobronchial rupture""}",step2&3,E,"[""Emergency / Critical Care"", ""Pulmonology / Respiratory""]"
"A 60-year-old man with severe persistent asthma since the age of 14 presents with an acute exacerbation of shortness of breath, wheezing, and coughing over the last several days. His asthmatic symptoms are usually well controlled with regular high-dose inhaled triamcinolone, but over the last week or so he has developed a nocturnal cough and mild wheezing despite good compliance with controller medications. A review of several spirometry reports suggest of bronchial asthma with a partial irreversible airway obstruction. Which of the following is most likely to be associated with the recent loss of asthma control in this patient?",Airway remodeling,"{""A"": ""Airway epithelial shedding"", ""B"": ""Airway smooth muscle atrophy"", ""C"": ""Airway remodeling"", ""D"": ""Airway inflammation"", ""E"": ""Airway hyperresponsiveness""}",step1,C,"[""Pulmonology / Respiratory""]"
"A 65-year-old male presents to his pulmonologist for a follow-up visit. He has a history of chronic progressive dyspnea over the past five years. He uses oxygen at home and was seen in the emergency room two months prior for an exacerbation of his dyspnea. He was discharged following stabilization. His past medical history is notable for hyperlipidemia and hypertension. He drinks alcohol socially and has a 45 pack-year smoking history. His temperature is 98.6°F (37°C), blood pressure is 140/75 mmHg, pulse is 110/min, and respirations are 22/min. On examination, increased work of breathing is noted. The physician decides to start the patient on an additional medication that has both mucoactive and anti-oxidative properties. What is the primary mechanism of action of this medication in the lungs?",Disulfide bond cleavage,"{""A"": ""DNA hydrolysis"", ""B"": ""Disulfide bond cleavage"", ""C"": ""Endothelin-1 antagonism"", ""D"": ""Osmotic hydration of airway lumen"", ""E"": ""Reduction in airway surface tension""}",step1,B,"[""Pulmonology / Respiratory"", ""Cardiovascular""]"
"A 70-year-old man presents with cough and progressively worsening shortness of breath for the last 6 months. He feels short of breath even without exertion and states he ‘got winded’ while walking to his bedroom last night. He describes his cough as non-productive and says he can identify no recognizable triggers. No significant past medical history. The patient is a retired welder and has been living with his son since his wife passed away 5 years ago. He denies any smoking history or current alcohol or drug use. His vital signs include: pulse rate 72/min, respiratory rate 15/min, blood pressure 134/80 mm Hg, and temperature 36.8°C (98.0°F). On physical examination, digital clubbing is noted. Bilateral basilar fine crackles on noted on pulmonary auscultation. Expiratory flow rates are measured and found to be high when corrected for lung volume. A chest X-ray is performed and shown in the image below. Which of the following most likely accounts for the increased expiratory flow rate in this patient?",Radial traction on airway wall,"{""A"": ""Anatomical dead space"", ""B"": ""Lung compliance"", ""C"": ""Physiological dead space"", ""D"": ""Radial traction on airway wall"", ""E"": ""Small airway wall thickness""}",step1,D,"[""Pulmonology / Respiratory""]"
"A 63-year-old man presents to the clinic for left calf pain when walking a distance of more than 200 m. He has had this pain for more than 8 months now, and he rates it as 7 out of 10. The pain subsides with rest. The patient has had a history of diabetes mellitus for the past 2 years which is well controlled. A percutaneous coronary intervention was performed in 2014. His current medications are insulin and aspirin. Family history is significant for coronary artery disease. He has an 80 pack-year history of smoking and currently smokes. He consumes 4 drinks per day of alcohol. On physical examination, his blood pressure is 144/89 mm Hg, the heart rate is 80/min and regular, the breathing rate is 25/min, and the pulse oximetry is 96%. Normal cardiac and lung sounds were heard on auscultation. Which of the following is the appropriate treatment to improve the patient’s symptoms?",Cilostazol,"{""A"": ""Cilostazol"", ""B"": ""Pentoxifylline"", ""C"": ""Femoral embolectomy"", ""D"": ""Femoral-to-popliteal bypass graft"", ""E"": ""Interventional endovascular treatment""}",step2&3,A,"[""Cardiovascular"", ""Endocrinology / Metabolic""]"
"A 21-year-old man presents to the emergency department after sustaining a stab wound to the neck at a local farmer's market. The patient is otherwise healthy and is complaining of pain. The patient is able to offer the history himself. His temperature is 97.6°F (36.4°C), blood pressure is 120/84 mmHg, pulse is 90/min, respirations are 15/min, and oxygen saturation is 98% on room air. Physical exam demonstrates a 3 cm laceration 1 cm inferior to the mastoid process on the right side. The patient's breath sounds are clear and he is protecting his airway. No stridor or difficulty breathing is noted. Which of the following is the most appropriate next step in the management of this patient?",CT angiogram,"{""A"": ""Arteriography"", ""B"": ""CT angiogram"", ""C"": ""Intubation"", ""D"": ""Observation and blood pressure monitoring"", ""E"": ""Surgical exploration""}",step2&3,B,"[""Pulmonology / Respiratory"", ""Emergency / Critical Care""]"
"A 3-week-old boy is brought to the emergency department by his parents because of a 3-day history of progressive lethargy and difficulty feeding. He was born at term and did not have difficulty feeding previously. His temperature is 39.4°C (103°F), pulse is 220/min, respirations are 45/min, and blood pressure is 50/30 mm Hg. Pulse oximetry on 100% oxygen shows an oxygen saturation of 97%. Examination shows dry mucous membranes, delayed capillary refill time, and cool skin with poor turgor. Despite multiple attempts by the nursing staff, they are unable to establish peripheral intravenous access. Which of the following is the most appropriate next step in management?",Intraosseous cannulation,"{""A"": ""Rapid sequence intubation"", ""B"": ""Intramuscular epinephrine"", ""C"": ""Internal jugular vein cannulation"", ""D"": ""Intraosseous cannulation"", ""E"": ""Ultrasound-guided antecubital vein cannulation""}",step2&3,D,"[""Pulmonology / Respiratory"", ""Emergency / Critical Care""]"
"A 2500-g (5-lb 8-oz) female newborn delivered at 37 weeks' gestation develops rapid breathing, grunting, and subcostal retractions shortly after birth. Despite appropriate lifesaving measures, the newborn dies 2 hours later. Autopsy shows bilateral renal agenesis. Which of the following is the most likely underlying cause of this newborn's respiratory distress?",Decreased amniotic fluid ingestion,"{""A"": ""Decreased amniotic fluid ingestion"", ""B"": ""Injury to the diaphragmatic innervation"", ""C"": ""Displacement of intestines into the pleural cavity"", ""D"": ""Collapse of the supraglottic airway"", ""E"": ""Surfactant inactivation and epithelial inflammation""}",step1,A,"[""Pulmonology / Respiratory"", ""Obstetrics / Gynecology""]"
"A 45-year-old man was a driver in a motor vehicle collsion. The patient is not able to offer a medical history during initial presentation. His temperature is 97.6°F (36.4°C), blood pressure is 104/74 mmHg, pulse is 150/min, respirations are 12/min, and oxygen saturation is 98% on room air. On exam, he does not open his eyes, he withdraws to pain, and he makes incomprehensible sounds. He has obvious signs of trauma to the chest and abdomen. His abdomen is distended and markedly tender to palpation. He also has an obvious open deformity of the left femur. What is the best initial step in management?",Intubation,"{""A"": ""100% oxygen"", ""B"": ""Emergency open fracture repair"", ""C"": ""Exploratory laparoscopy"", ""D"": ""Intubation"", ""E"": ""Packed red blood cells""}",step2&3,D,"[""Gastroenterology"", ""Pulmonology / Respiratory""]"
"A 28-year-old soldier is brought back to a military treatment facility 45 minutes after sustaining injuries in a building fire from a mortar attack. He was trapped inside the building for around 20 minutes. On arrival, he is confused and appears uncomfortable. He has a Glasgow Coma Score of 13. His pulse is 113/min, respirations are 18/min, and blood pressure is 108/70 mm Hg. Pulse oximetry on room air shows an oxygen saturation of 96%. Examination shows multiple second-degree burns over the chest and bilateral upper extremities and third-degree burns over the face. There are black sediments seen within the nose and mouth. The lungs are clear to auscultation. Cardiac examination shows no abnormalities. The abdomen is soft and nontender. Intravenous fluid resuscitation is begun. Which of the following is the most appropriate next step in management?",Intubation and mechanical ventilation,"{""A"": ""Insertion of nasogastric tube and enteral nutrition"", ""B"": ""Intravenous antibiotic therapy"", ""C"": ""Intubation and mechanical ventilation"", ""D"": ""Intravenous corticosteroid therapy"", ""E"": ""Immediate bronchoscopy""}",step2&3,C,"[""Cardiovascular"", ""Neurology""]"
"A 25-year-old male is brought into the emergency department by emergency medical services. The patient has a history of bipolar disease complicated by polysubstance use. He was found down in his apartment at the bottom of a staircase lying on his left arm. He was last seen several hours earlier by his roommate. He is disoriented and unable to answer any questions, but is breathing on his own. His vitals are HR 55, T 96.5, RR 18, BP 110/75. You decide to obtain an EKG as shown in Figure 1. What is the next best step in the treatment of this patient?",Calcium gluconate,"{""A"": ""Intubation"", ""B"": ""Epinephrine"", ""C"": ""Albuterol"", ""D"": ""Insulin"", ""E"": ""Calcium gluconate""}",step2&3,E,"[""Emergency / Critical Care"", ""Cardiovascular""]"
"A 60-year-old man with known history of chronic obstructive pulmonary disease is brought by ambulance to the emergency department due to shortness of breath. He is out of breath and cannot string a sentence together. The emergency technician suggests that the man tried his tiotropium inhaler multiple times without success. The patient's vitals are as follows: afebrile, BP 90/60, HR 120, RR 24. Oxygen saturation is 90%. An EKG is obtained that shows narrow-complex tachycardia with irregular P waves preceding each QRS complex and irregular PR intervals. What is the best next step in management?",Give oxygen immediately,"{""A"": ""Obtain chemistries and complete blood count and observe"", ""B"": ""Give labetalol immediately and observe in emergency room"", ""C"": ""Give verapamil immediately and admit to floor"", ""D"": ""Give oxygen immediately"", ""E"": ""Intubate and admit to intensive care uint""}",step2&3,D,"[""Pulmonology / Respiratory"", ""Cardiovascular""]"
"One hour after being admitted to the hospital for sharp, acute chest pain and diaphoresis, a 55-year-old woman with type 2 diabetes mellitus loses consciousness in the emergency department. There are no palpable pulses. Chest compressions are started. The patient has a history of breast cancer that was surgically treated 4 years ago. Prior to admission, the patient was on a long bus ride to visit her sister. Her medications include tamoxifen, atorvastatin, metoprolol, metformin, and insulin. Serum troponin levels are elevated. The cardiac rhythm is shown. Which of the following is the most appropriate next step in management?",Intravenous epinephrine therapy,"{""A"": ""Intravenous glucagon therapy"", ""B"": ""Defibrillation"", ""C"": ""Coronary angiography"", ""D"": ""Intravenous epinephrine therapy"", ""E"": ""Intravenous dextrose therapy""}",step2&3,D,"[""Endocrinology / Metabolic"", ""Cardiovascular""]"
"A 71-year-old woman with a past medical history of type 2 diabetes, hypercholesterolemia, and hypertension was admitted to the hospital 8 hours ago with substernal chest pain for management of acute non-ST-elevated myocardial infarction (NSTEMI). The ECG findings noted by ST-depressions and T-wave inversions on anterolateral leads, which is also accompanied by elevated cardiac enzymes. Upon diagnosis, management with inhaled oxygen therapy, beta-blockers and aspirin, and low-molecular-weight heparin therapy were initiated, and she was placed on bed rest with continuous electrocardiographic monitoring. Since admission, she required 2 doses of sublingual nitric oxide for recurrent angina, and the repeat troponin levels continued to rise. Given her risk factors, plans were made for early coronary angiography. The telemetry nurse calls the on-call physician because of her concern with the patient’s mild confusion and increasing need for supplemental oxygen. At bedside evaluation, The vital signs include: heart rate 122/min, blood pressure 89/40 mm Hg, and the pulse oximetry is 91% on 6L of oxygen by nasal cannula. The telemetry and a repeat ECG show sinus tachycardia. She is breathing rapidly, appears confused, and complains of shortness of breath. On physical exam, the skin is cool and clammy and appears pale and dull. She has diffuse bilateral pulmonary crackles, and an S3 gallop is noted on chest auscultation with no new murmurs. She has jugular venous distention to the jaw-line, rapid and faint radial pulses, and 1+ dependent edema. She is immediately transferred to the intensive care unit for respiratory support and precautions for airway security. The bedside sonography shows abnormal hypodynamic anterior wall movement and an ejection fraction of 20%, but no evidence of mitral regurgitation or ventricular shunt. The chest X-ray demonstrates cephalization of pulmonary veins and pulmonary edema. What is the most appropriate next step in the stabilization of this patient?",Initiate dopamine therapy and diuresis,"{""A"": ""Insert two large-bore intravenous catheters and start rapid fluid resuscitation"", ""B"": ""Initiate dopamine therapy and diuresis"", ""C"": ""Start intravenous fluids and epinephrine therapy"", ""D"": ""Obtain blood cultures and start preliminary broad-spectrum antibiotics"", ""E"": ""Intubate the patient and perform an emergency cardiocentesis""}",step1,B,"[""Cardiovascular"", ""Pulmonology / Respiratory""]"
"A 3900-g (8.6-lb) newborn is delivered at 38 week' gestation to a 27-year-old woman, gravida 3, para 2, via spontaneous vaginal delivery. Immediately after delivery, he spontaneously cries, grimaces, and moves all four extremities. Over the next five minutes, he becomes cyanotic, dyspneic, and tachypneic. Mask ventilation with 100% oxygen is begun, but ten minutes after delivery the baby continues to appear cyanotic. His temperature is 37.2°C (99.0°F), pulse is 155/min, respirations are 65/min, and blood pressure is 90/60 mm Hg. Pulse oximetry on 100% oxygen mask ventilation shows an oxygen saturation of 83%. Breath sounds are normal on the right and absent on the left. Heart sounds are best heard in the right midclavicular line. The abdomen appears concave. An x-ray of the chest is shown below. Which of the following is the most appropriate initial step in the management of this patient?","Intubation and mechanical ventilation
""","{""A"": ""Extracorporeal life support"", ""B"": ""Surfactant administration"", ""C"": ""Surgical repair"", ""D"": ""Chest tube placement"", ""E"": ""Intubation and mechanical ventilation\n\""""}",step2&3,E,"[""Obstetrics / Gynecology"", ""Pulmonology / Respiratory""]"
"A 66-year-old female with hypertension and a recent history of acute ST-elevation myocardial infarction (STEMI) 6 days previous, treated with percutaneous transluminal angioplasty (PTA), presents with sudden onset chest pain, shortness of breath, diaphoresis, and syncope. Vitals are temperature 37°C (98.6°F), blood pressure 80/50 mm Hg, pulse 125/min, respirations 12/min, and oxygen saturation 92% on room air. On physical examination, the patient is pale and unresponsive. Cardiac exam reveals tachycardia and a pronounced holosystolic murmur loudest at the apex and radiates to the back. Lungs are clear to auscultation. Chest X-ray shows cardiomegaly with clear lung fields. ECG is significant for ST elevations in the precordial leads (V2-V4) and low-voltage QRS complexes. Emergency transthoracic echocardiography shows a left ventricular wall motion abnormality along with a significant pericardial effusion. The patient is intubated, and aggressive fluid resuscitation is initiated. What is the next best step in management?",Immediate transfer to the operating room,"{""A"": ""Intra-aortic balloon counterpulsation"", ""B"": ""Administer dobutamine 70 mcg/min IV"", ""C"": ""Emergency pericardiocentesis"", ""D"": ""Immediate transfer to the operating room"", ""E"": ""Immediate cardiac catheterization""}",step2&3,D,"[""Cardiovascular"", ""Pulmonology / Respiratory""]"
"A 46-year-old female is brought to the emergency department by her husband 1 hour after the onset of chest palpitations. Her symptoms began suddenly while she was drinking coffee and have persisted since then. She has not had shortness of breath, chest pain, dizziness, or loss of consciousness. She has experienced these palpitations before, but they typically resolve spontaneously within a few minutes. She has no history of serious illness and takes no medications. Her temperature is 36.8°C (98.2°F), pulse is 155/min, respirations are 18/min, and blood pressure is 130/82 mm Hg. Pulse oximetry on room air shows an oxygen saturation of 97%. Physical examination shows no abnormalities other than tachycardia. An ECG is shown. Repeated, forceful exhalation against a closed glottis while supine fails to relieve her symptoms. Which of the following is the most appropriate next step in management?",Administer adenosine intravenously,"{""A"": ""Administer adenosine intravenously"", ""B"": ""Administer verapamil intravenously"", ""C"": ""Electrical cardioversion"", ""D"": ""Administer digoxin intravenously"", ""E"": ""Administer diltiazem intravenously""}",step2&3,A,"[""Cardiovascular"", ""Pulmonology / Respiratory""]"
"A 78-year-old male presents to the emergency department after passing out. His wife reports that she and the patient were walking their dog when he suddenly lost consciousness. On physical exam, he has a loud crescendo-decrescendo systolic murmur and is subsequently diagnosed with severe aortic stenosis. The patient undergoes open aortic valve replacement and has an uncomplicated postoperative course. His sternal wound drain is pulled for low output on post-operative day three. On post-operative day five, the patient complains of pain during deep inspiration and retrosternal chest pain. His temperature is 101.7°F (38.7°C), blood pressure is 125/81 mmHg, pulse is 104/min, and respirations are 18/min. On physical exam, the patient is tender to palpation around his sternal wound, and there is erythema around the incision without dehiscence. His chest radiograph shows a widened mediastinum with a small pleural effusion on the left. CT angiography shows stranding in the subcutaneous tissue and a fluid collection below the sternum.

Which of the following is the best next step in management?",Intravenous antibiotics and debridement of surgical wound,"{""A"": ""Placement of a left-sided chest tube"", ""B"": ""Surgical repair of esophageal perforation"", ""C"": ""Surgical repair of aortic injury"", ""D"": ""Intravenous antibiotics and observation"", ""E"": ""Intravenous antibiotics and debridement of surgical wound""}",step2&3,E,"[""Cardiovascular"", ""Pulmonology / Respiratory""]"
"A 59-year-old woman is brought to the emergency department for the confusion. She was in her usual state of health until about 2 hours ago when she was found trying to cook a frozen pizza in her medicine cabinet. She also complained to her husband that she had a terrible headache. Her past medical history is notable for hypertension, which has been difficult to control on multiple medications. Her temperature is 37.1°C (98.8°F), the pulse is 75/min, and the blood pressure is 202/128 mm Hg. On physical exam, she is alert and oriented only to self. The physical exam is otherwise unremarkable and the neurologic exam shows no focal neurological deficits. Noncontrast CT head imaging is unremarkable; a T2-weighted image from the patient’s MRI brain scan is shown. Which of the following is the next best step in management for this patient?",IV nicardipine,"{""A"": ""IV lorazepam"", ""B"": ""IV nicardipine"", ""C"": ""IV phenytoin"", ""D"": ""IV tissue plasminogen activator (tPA)"", ""E"": ""IV vancomycin, ceftriaxone, and ampicillin""}",step2&3,B,"[""Neurology"", ""Cardiovascular""]"
"A 58-year-old man comes to the physician because of intermittent throbbing headaches over the past year. The headaches are worse when he wakes up and are not accompanied by other symptoms. The patient also reports trouble concentrating on daily tasks at work. His wife has been complaining lately about his snoring during sleep, which he attributes to his chronic sinusitis. He has a history of hypertension and an allergy to dust mites. He has smoked a pack of cigarettes daily for 14 years. His pulse is 72/min and blood pressure is 150/95 mm Hg. He is 178 cm (5 ft 10 in) tall and weighs 120 kg (265 lb); BMI is 37.9 kg/m2. Neurological and cutaneous examination shows no abnormalities. Which of the following is the most likely cause of this patient's hypertension?",Nocturnal upper airway obstruction,"{""A"": ""Low circulating free thyroxine levels"", ""B"": ""Nocturnal upper airway obstruction"", ""C"": ""Hypophyseal neoplasm"", ""D"": ""Hypersecretion of aldosterone"", ""E"": ""Low synaptic serotonin levels""}",step2&3,B,"[""Cardiovascular"", ""Endocrinology / Metabolic""]"
"Twenty minutes after delivery by lower segment cesarean section at 38 weeks' gestation, a 4630-g (10-lb 3-oz) male newborn has respiratory distress. Apgar scores were 7 and 8 at 1 and 5 minutes, respectively. Pregnancy was complicated by gestational diabetes mellitus. His temperature is 36.9°C (98.4°F), pulse is 155/min and respirations are 72/min. Pulse oximetry on room air shows an oxygen saturation of 88%. Grunting and moderate intercostal and subcostal retractions are present. Diffuse crackles are heard on auscultation of the chest. An x-ray of the chest shows increased lung volume and fluid within the interlobar fissures. Which of the following is the most appropriate next step in management?",Supportive care,"{""A"": ""Supportive care"", ""B"": ""Broad-spectrum antibiotic therapy"", ""C"": ""Continuous positive airway pressure"", ""D"": ""Surfactant therapy"", ""E"": ""Nitric oxide therapy""}",step2&3,A,"[""Obstetrics / Gynecology"", ""Pulmonology / Respiratory""]"
"A 70-year-old man is brought to the emergency room with complaints of severe substernal chest pain for the last hour. The pain started suddenly, and the patient describes the pain as “going into the shoulder”. The patient took aspirin at home and has been given multiple doses of sublingual nitroglycerin, but the pain has not subsided. He has a blood pressure of 112/84 mm Hg, the pulse is 63/min, the respiratory rate is 18/min, and the temperature is 36.9°C (98.0°F). Cardiac auscultation reveals normal S1 and S2 sounds, however, an additional S4 sound is heard. The patient is sweating profusely, and the lungs are clear to auscultation. No jugular venous distension or pedal edema is observed. His initial ECG shows ST elevation in leads II, III, and aVF. Which of the following will likely have the most benefit in this patient?",Percutaneous coronary intervention,"{""A"": ""Antiarrhythmics"", ""B"": ""Beta blockers"", ""C"": ""Clopidogrel"", ""D"": ""Thrombolytics"", ""E"": ""Percutaneous coronary intervention""}",step2&3,E,"[""Cardiovascular"", ""Pulmonology / Respiratory""]"
"A 69-year-old man presents to his primary care physician after 2 episodes of dizziness while watching television. On further questioning, he admits to progressive fatigue and shortness of breath on exertion for the past few weeks. His medical history is significant for hypertension for the past 25 years and congestive heart failure for the past 2 years, for which he is on multiple medications. His blood pressure is 100/50 mm Hg, the heart rate is 50/min, and the temperature is 36.6°C (97.8°F). The physical examination is within normal limits. A 12-lead ECG is obtained and the results are shown in the picture. Which of the following is the best initial step for the management of this patient?",Check the patient's medication profile,"{""A"": ""Observation and repeat ECG if symptoms recur"", ""B"": ""Temporary cardiac pacing"", ""C"": ""External defibrillation"", ""D"": ""Check the patient's medication profile"", ""E"": ""Glucagon""}",step2&3,D,"[""Cardiovascular"", ""Pulmonology / Respiratory""]"
"A 72-year-old man presents to the emergency department with severe respiratory distress. He was diagnosed with metastatic pancreatic cancer 6 months ago and underwent 2 rounds of chemotherapy. He says that he has had a cough and flu-like symptoms for the past week. During the interview, he is having progressive difficulty answering questions and suddenly becomes obtunded with decreased motor reflexes. His temperature is 38.8°C (102.0°F), blood pressure is 90/60 mm Hg, pulse is 94/min, and respirations are 22/min. Pulse oximetry is 82% on room air. The patient’s medical record contains an advanced directive stating that he would like all interventions except for cardiopulmonary resuscitation. Which of the following is the most appropriate next step in management?",Intubate and administer intravenous antibiotics.,"{""A"": ""Observe and monitor vital signs for improvement."", ""B"": ""Administer intravenous fluids."", ""C"": ""Intubate and administer intravenous antibiotics."", ""D"": ""Administer intravenous antibiotics and draw blood for testing."", ""E"": ""Intubate only.""}",step1,C,"[""Pulmonology / Respiratory"", ""Hematology / Oncology""]"
"A 61-year-old man presents with gradually increasing shortness of breath. For the last 2 years, he has had a productive cough on most days. Past medical history is significant for hypertension and a recent admission to the hospital for pneumonia. He uses a triamcinolone inhaler and uses an albuterol inhaler as a rescue inhaler. He also takes lisinopril and a multivitamin daily. He has smoked a pack a day for the last 32 years and has no intention to quit now. Today, his blood pressure is 142/97 mm Hg, heart rate is 97/min, respiratory rate is 22/min, and temperature is 37.4°C (99.3°F). On physical exam, he has tachypnea and has some difficulty finishing his sentences. His heart has a regular rate and rhythm. Auscultation of his lungs reveals wheezing and rhonchi that improves after a deep cough. Fremitus is absent. Pulmonary function tests show FEV1/FVC of 55% with no change in FEV1 after albuterol treatment. Which of the following is the most likely pathology associated with this patients disease?",Inflamed bronchus with hypertrophy and hyperplasia of mucous glands,"{""A"": ""Permanent bronchial dilation"", ""B"": ""Chronic granulomatous inflammation with bilateral hilar lymphadenopathy"", ""C"": ""Airway hypersensitivity"", ""D"": ""Inflamed bronchus with hypertrophy and hyperplasia of mucous glands"", ""E"": ""Consolidation and red hepatization""}",step1,D,"[""Pulmonology / Respiratory"", ""Cardiovascular""]"
"A 35-year-old soldier is rescued from a helicopter crash in the Arctic Circle and brought back to a treatment facility at a nearby military base. On arrival, the patient's wet clothes are removed. He appears pale and is not shivering. He is unresponsive to verbal and painful stimuli. His temperature is 27.4°C (81.3°F), pulse is 30/min and irregular, respirations are 7/min, and blood pressure is 83/52 mm Hg. Examination shows fixed, dilated pupils and diffuse rigidity. The fingers and toes are white in color and hard to the touch. An ECG shows atrial fibrillation. In addition to emergent intubation, which of the following is the most appropriate next step in management?",Intravenous administration of warmed normal saline,"{""A"": ""Intravenous administration of tissue plasminogen activator"", ""B"": ""Intravenous administration of diltiazem"", ""C"": ""Application of heating pads to the extremities"", ""D"": ""Intravenous administration of warmed normal saline"", ""E"": ""Emergent electrical cardioversion""}",step2&3,D,"[""Cardiovascular"", ""Emergency / Critical Care""]"
"A 74-year-old African-American woman is brought to the emergency department by her home health aid. The patient was eating breakfast this morning when she suddenly was unable to lift her spoon with her right hand. She attempted to get up from the table, but her right leg felt weak. One hour later in the emergency department, her strength is 0/5 in the right upper and right lower extremities. Strength is normal in her left upper and lower extremities. Sensation is normal bilaterally. An emergency CT of the head does not show signs of hemorrhage. Subsequent brain MRI shows an infarct involving the internal capsule. Which of the following is true about her disease process?",The most important risk factors are hypertension and diabetes,"{""A"": ""The most important risk factors are hypertension and diabetes"", ""B"": ""The most common cause is embolism originating from the left atrium"", ""C"": ""It is caused by ischemia to watershed areas"", ""D"": ""IV thrombolysis cannot be used"", ""E"": ""The most important risk factors are ethnicity and sex""}",step1,A,"[""Emergency / Critical Care"", ""Cardiovascular""]"
"A 66-year-old man presents to the emergency department for a 1-hour history of right arm weakness. He was having breakfast this morning when his right arm suddenly became weak, causing him to drop his coffee mug. He also noticed that he was slurring his speech and had some additional weakness in his right leg. He had no symptoms prior to the onset of the weakness and noted no other unusual phenomena. These symptoms lasted for about 30 minutes, but they resolved completely by the time he arrived at the emergency department. His medical history is notable for hypertension and hyperlipidemia, but he does not receive close follow-up from a primary care physician for these conditions. The patient currently is not taking any medications. His pulse is 75/min, the blood pressure is 160/95 mm Hg, and the respiratory rate is 14/min. Physical exam is remarkable for a high-pitched sound heard on auscultation of the neck, the remainder of the exam, including a complete neurological exam, is entirely unremarkable. CT angiography of the head and neck shows no active hemorrhage and 80% stenosis of the left internal carotid artery. Which of the following is the next best step in the long-term management of this patient?",Carotid endarterectomy,"{""A"": ""Carotid endarterectomy"", ""B"": ""Administration of tissue plasminogen activator (tPA)"", ""C"": ""Brain MRI"", ""D"": ""Initiation of aspirin and atorvastatinInitiation of aspirin and atorvastatin"", ""E"": ""Initiation of lisinopril""}",step2&3,A,"[""Cardiovascular"", ""Emergency / Critical Care""]"
"A 70-year-old man presented to the emergency department complaining of left-sided weakness for the past 5 hours. Past medical history is significant for a previous ischemic stroke involving the right posterior cerebral artery and left-sided homonymous hemianopia. He also has a history of type-II diabetes mellitus and hypertension. He takes an 81 mg aspirin, amlodipine, atorvastatin, and a vitamin supplement with calcium and vitamin D. A brain MRI reveals a small atrophic area of the left occipital lobe and a new acute infarct involving the territory of the right middle cerebral artery. Electrocardiogram (ECG) shows normal sinus rhythm. An echocardiogram reveals mild left ventricular hypertrophy with an ejection fraction of 55%. Doppler ultrasound of the carotid arteries reveals no significant narrowing. What is the next step in the management to prevent future risks of stroke?",Add dipyridamole,"{""A"": ""Add dipyridamole"", ""B"": ""Add warfarin"", ""C"": ""Increase aspirin to 325 mg"", ""D"": ""Administer tPA"", ""E"": ""Stop aspirin and start warfarin""}",step2&3,A,"[""Neurology"", ""Cardiovascular""]"
"A 75-year-old man is brought to the emergency department because of a 5-hour history of worsening chest pain and dyspnea. Six days ago, he fell in the shower and since then has had mild pain in his left chest. He appears pale and anxious. His temperature is 36.5°C (97.7°F), pulse is 108/min, respirations are 30/min, and blood pressure is 115/58 mm Hg. Pulse oximetry on room air shows an oxygen saturation of 88%. Examination shows decreased breath sounds and dullness to percussion over the left lung base. There is a 3-cm (1.2-in) hematoma over the left lower chest. An x-ray of the chest shows fractures of the left 8th and 9th rib, increased opacity of the left lung, and mild tracheal deviation to the right. Which of the following is the most appropriate next step in management?","Chest tube insertion in the fifth intercostal space at the midaxillary line
""","{""A"": ""Admission to the ICU and observation"", ""B"": ""Needle thoracentesis in the eighth intercostal space at the posterior axillary line"", ""C"": ""Emergency thoracotomy"", ""D"": ""Pericardiocentesis"", ""E"": ""Chest tube insertion in the fifth intercostal space at the midaxillary line\n\""""}",step2&3,E,"[""Pulmonology / Respiratory"", ""Neurology""]"
"A 51-year-old man is brought to the local emergency room in severe respiratory distress. The patient is an industrial chemist and was working in his lab with a new partner when a massive chemical spill occurred releasing fumes into their workspace. The patient and his lab partner attempted to clean up the spill before they realized it was too large for them to handle. They were not wearing protective equipment at the time, except for a pair of goggles. The fumes caused them both to begin coughing; however, this patient has a history significant for asthma. His condition worsened, which prompted lab management to call for an ambulance. On arrival at the emergency room, the patient’s respiratory rate is 42/min and oxygen saturation is 96% on room air. He is unable to speak on account of his coughing. He is clearly using accessory muscles with inspiration. A pulmonary exam reveals bilateral wheezes. He is given multiple nebulizer treatments of albuterol and is started on intravenous (IV) methylprednisolone. After 2 successive nebulizer treatments, the arterial blood gas test result shows pH 7.36, partial pressure of carbon dioxide (PCO2) 41 mm Hg, and partial pressure of oxygen (PO2) 79 mm Hg. He is now able to speak and the respiratory rate is 32/min. Which of the following is the best next step in this patient’s management?",Continue to administer albuterol,"{""A"": ""Administer IV epinephrine"", ""B"": ""Administer IV prednisone in addition to IV methylprednisolone"", ""C"": ""Continue to administer albuterol"", ""D"": ""Switch from nebulized albuterol to nebulized ipratropium"", ""E"": ""Intubate the patient and begin mechanical ventilation""}",step2&3,C,"[""Pulmonology / Respiratory"", ""Emergency / Critical Care""]"
"Three days after delivery of a male newborn, a 36-year-old gravida 1, para 1 woman has fever and pain in her left leg. Pregnancy was complicated by premature rupture of membranes; the child was delivered at 35 weeks' gestation by lower segment transverse cesarean section because of a nonreassuring fetal heart rate. The patient has smoked half a pack of cigarettes daily for 5 years and continued to smoke during her pregnancy. Her temperature is 38.9°C (102°F), pulse is 110/min, and blood pressure is 110/80 mm Hg. Examination shows an edematous, erythematous, and warm left leg. Passive dorsiflexion of the left foot elicits pain in the calf. The peripheral pulses are palpated bilaterally. The uterus is nontender and palpated at the umbilicus. Ultrasonography of the left leg shows an incompressible left popliteal vein. Which of the following is the most appropriate initial step in management?",Low molecular weight heparin,"{""A"": ""Low molecular weight heparin"", ""B"": ""Embolectomy"", ""C"": ""Urokinase"", ""D"": ""Warfarin"", ""E"": ""Graduated compression stockings""}",step2&3,A,"[""Obstetrics / Gynecology"", ""Cardiovascular""]"
"A 60-year-old man is brought to the emergency department 25 minutes after falling and hitting his left flank on a concrete block. He has severe left-sided chest pain and mild shortness of breath. He underwent a right knee replacement surgery 2 years ago. He has type 2 diabetes mellitus. He has smoked one pack of cigarettes daily for 42 years. Current medications include metformin, sitagliptin, and a multivitamin. He appears uncomfortable. His temperature is 37.5°C (99.5°F), pulse is 102/min, respirations are 17/min, and blood pressure is 132/90 mm Hg. Pulse oximetry on room air shows an oxygen saturation of 96%. Examination shows multiple abrasions on his left flank and trunk. The upper left chest wall is tender to palpation and bony crepitus is present. There are decreased breath sounds over both lung bases. Cardiac examination shows no murmurs, rubs, or gallops. The abdomen is soft and nontender. Focused assessment with sonography for trauma is negative. An x-ray of the chest shows nondisplaced fractures of the left 4th and 5th ribs, with clear lung fields bilaterally. Which of the following is the most appropriate next step in management?",Adequate analgesia and conservative management,"{""A"": ""Continuous positive airway pressure"", ""B"": ""Prophylactic antibiotic therapy"", ""C"": ""Admission and surveillance in the intensive care unit"", ""D"": ""Adequate analgesia and conservative management"", ""E"": ""Internal fixation""}",step2&3,D,"[""Pulmonology / Respiratory"", ""Endocrinology / Metabolic""]"
"A 65-year-old man with a past medical history of anterior myocardial infarction, peripheral arterial disease, and known patent foramen ovale presents to the emergency department after being found down from a fall on the sidewalk in the middle of winter. He states that his right leg feels numb and painful at the same time. He insists that he did not slip on ice or snow, yet fell suddenly. He is taking aspirin, simvastatin, and cilastazol. Vital signs show T 98.0 F, BP 100/60, HR 100, RR 18. His pulse is irregularly irregular. His right leg appears pale with no dorsalis pedis and posterior tibial pulses compared to 2+ pulses on the left. He cannot discern soft or sharp touch in his right leg. Which intervention will most likely improve the viability of this patient's right leg?",Catheter-based thrombectomy / thrombolysis,"{""A"": ""Percutaneous transluminal stent implantation"", ""B"": ""Rivaroxaban"", ""C"": ""Warfarin"", ""D"": ""Catheter-based thrombectomy / thrombolysis"", ""E"": ""Heparin""}",step2&3,D,"[""Cardiovascular"", ""Emergency / Critical Care""]"
"A 50-year-old man presents to the emergency department with a complaint of crushing chest pain. The pain started suddenly 30 minutes ago while he was walking his dog. The patient also complains of difficulty breathing and palpitations. The pain is described as starting behind the sternum and moving towards the left jaw. Medical history includes recently diagnosed hypercholesterolemia and peptic ulcer disease. He currently takes atorvastatin and omeprazole. The patient has smoked a pack of cigarettes per day for 10 years and consumes 2–3 beers on the weekends. His blood pressure is 148/90 mm Hg, the pulse is 106/min, and the respiratory rate is 22/min. Examination shows him to be visibly distressed, diaphoretic, and slightly hunched over. Aspirin is administered and blood work is sent to the laboratory. His ECG is shown in the picture. What is the best next step for this patient?",Urgent percutaneous coronary intervention,"{""A"": ""Start heparin infusion and ICU admission"", ""B"": ""Perform an urgent bedside echocardiography"", ""C"": ""Urgent percutaneous coronary intervention"", ""D"": ""Monitor closely and wait for cardiac troponin levels"", ""E"": ""Order an urgent chest CT scan and provide analgesia""}",step2&3,C,"[""Cardiovascular"", ""Pulmonology / Respiratory""]"
"A 22-year-old soldier sustains a stab wound to his chest during a military attack in Mali. He is brought to the combat medic by his unit for a primary survey. The soldier reports shortness of breath. He is alert and oriented to time, place, and person. His pulse is 99/min, respirations are 32/min, and blood pressure is 112/72 mm Hg. Examination shows a 2-cm wound at the left fourth intercostal space at the midclavicular line. Bubbling of blood is seen with each respiration at the wound site. There is no jugular venous distention. There is hyperresonance to percussion and decreased breath sounds on the left side. The trachea is at the midline. Which of the following is the most appropriate next step in management?",Partially occlusive dressing,"{""A"": ""Partially occlusive dressing"", ""B"": ""Emergency pericardiocentesis"", ""C"": ""Emergency echocardiography"", ""D"": ""Needle thoracostomy"", ""E"": ""Supplemental oxygen\n\""""}",step2&3,A,"[""Pulmonology / Respiratory""]"
"A 24-year-old male is rushed to the emergency department after sustaining several gunshot wounds to the chest. He was found nonresponsive in the field and was intubated en route to the hospital. His vital signs are as follows: temperature is 98.8 deg F (37.1 deg C), blood pressure is 87/52 mmHg, pulse is 120/min, and respirations are 16/min. Physical examination is significant for decreased breath sounds and dullness to percussion over the right lung. A chest radiograph in the emergency department shows a large fluid collection in the right thoracic cavity. After aggressive fluid resuscitation is initiated, an emergent chest-tube was placed in the emergency department. The chest tube puts out 700 cc of frank blood and 300 cc/hr over the next 5 hours. A follow up post-chest tube insertion chest radiograph demonstrates significant residual right hemothorax. Which of the following is the next best step in management of this patient?",Open thoracotomy,"{""A"": ""Clamp the chest tube"", ""B"": ""Place the chest tube to water seal"", ""C"": ""Remove the chest tube"", ""D"": ""Open thoracotomy"", ""E"": ""Tracheostomy""}",step2&3,D,"[""Emergency / Critical Care"", ""Pulmonology / Respiratory""]"
"A 35-year-old soldier is rescued from a helicopter crash in the Arctic Circle and brought back to a treatment facility at a nearby military base. On arrival, the soldier’s wet clothes are removed. He appears pale and is not shivering. The patient is unresponsive to verbal or painful stimuli. His temperature is 27.4°C (81.3°F), the pulse is 30/min and irregular, the respiratory rate is 7/min, and the blood pressure is 83/52 mm Hg. Examination shows fixed, dilated pupils, and diffuse rigidity. The fingers and toes are white in color and hard to touch. An ECG shows atrial fibrillation. In addition to emergent intubation, which of the following is the most appropriate next step in patient management?",Intravenous administration of warmed normal saline,"{""A"": ""Application of heating pads to the extremities"", ""B"": ""Emergent electrical cardioversion"", ""C"": ""Increasing the room temperature"", ""D"": ""Intravenous administration of tissue plasminogen activator"", ""E"": ""Intravenous administration of warmed normal saline""}",step2&3,E,"[""Cardiovascular"", ""Pulmonology / Respiratory""]"
"A 27-year-old soldier is brought to the emergency department of a military hospital 20 minutes after being involved in a motor vehicle accident during a training exercise. He was an unrestrained passenger. On arrival, he has shortness of breath and chest pain. He appears pale and anxious. His temperature is 37°C (98.6°F), pulse is 110/min, respirations are 20/min, and blood pressure is 100/65 mm Hg. He is alert and oriented to person, place, and time. Examination shows pale conjunctivae and mucous membranes. There is bruising on the chest, extremities, and abdomen. The lungs are clear to auscultation. He has normal heart sounds and flat neck veins. The abdomen is flat, soft, and mildly tender. The remainder of the physical examination shows no abnormalities. High-flow oxygen is applied, and intravenous fluid resuscitation is begun. An x-ray of the chest is shown. Which of the following is the most appropriate next step in management?",CT scan of the chest with contrast,"{""A"": ""Pericardiocentesis"", ""B"": ""CT scan of the chest with contrast"", ""C"": ""Abdominal ultrasonography"", ""D"": ""Placement of a chest tube"", ""E"": ""Intubation with positive pressure ventilation\n\""""}",step2&3,B,"[""Pulmonology / Respiratory"", ""Gastroenterology""]"
"A 17-year-old boy is brought to the emergency department by his parents 6 hours after he suddenly began to experience dyspnea and pleuritic chest pain at home. He has a remote history of asthma in childhood but has not required any treatment since the age of four. His temperature is 98.4°F (36.9°C), blood pressure is 100/76 mmHg, pulse is 125/min, respirations are 24/min. On exam, he has decreased lung sounds and hyperresonance in the left upper lung field. A chest radiograph shows a slight tracheal shift to the right. What is the best next step in management?",Needle decompression,"{""A"": ""Chest tube placement"", ""B"": ""CT scan for apical blebs"", ""C"": ""Needle decompression"", ""D"": ""Observe for another six hours for resolution"", ""E"": ""Pleurodesis""}",step1,C,"[""Pulmonology / Respiratory"", ""Emergency / Critical Care""]"
"A 29-year-old male is brought to the emergency department 20 minutes after sustaining a stab wound to the right chest. First-responders found the patient sitting on the curb smoking a cigarette, complaining of pain where he had been stabbed. On arrival, he is alert. His temperature is 36.8°C (98.2°F), pulse is 110/min, respirations are 16/min, and blood pressure is 112/70 mmHg. Pulse oximetry on room air shows an oxygen saturation of 97%. Examination shows several 1–2 cm lacerations and ecchymoses over the face and trunk. There is no neck crepitus. There is a pocket knife in the right fourth intercostal space at the anterior axillary line and blood oozing out of the wound. There is no bubbling of the blood at the wound. The lungs are clear to auscultation with equal breath sounds. The remainder of the examination shows no abnormalities. A chest x-ray shows the knife in situ extending into the right thorax. Which of the following is the most appropriate next step in management?",Endotracheal intubation,"{""A"": ""Right needle thoracostomy"", ""B"": ""Right tube thoracostomy"", ""C"": ""Endotracheal intubation"", ""D"": ""Cricothyroiditomy"", ""E"": ""CT scan of the chest""}",step2&3,C,"[""Pulmonology / Respiratory"", ""Emergency / Critical Care""]"
"A 27-year-old soldier stationed in Libya sustains a shrapnel injury during an attack, causing a traumatic above-elbow amputation. The resulting arterial bleed is managed with a tourniquet prior to transport to the military treatment facility. On arrival, he is alert and oriented to person, place, and time. His armor and clothing are removed. His pulse is 145/min, respirations are 28/min, and blood pressure is 95/52 mm Hg. Pulmonary examination shows symmetric chest rise. The lungs are clear to auscultation. Abdominal examination shows no abnormalities. There are multiple shrapnel wounds over the upper and lower extremities. A tourniquet is in place around the right upper extremity; the right proximal forearm has been amputated. One large-bore intravenous catheter is placed in the left antecubital fossa. Despite multiple attempts, medical staff is unable to establish additional intravenous access. Which of the following is the most appropriate next step in management?",Establish intraosseous access,"{""A"": ""Irrigate the shrapnel wounds"", ""B"": ""Establish central venous access"", ""C"": ""Replace the tourniquet with a pressure dressing"", ""D"": ""Establish intraosseous access"", ""E"": ""Perform endotracheal intubation""}",step2&3,D,"[""Pulmonology / Respiratory"", ""Gastroenterology""]"
"A 58-year-old woman presents to the physician with a cough that began 6 years ago, as well as intermittent difficulty in breathing for the last year. There is no significant sputum production. There is no history of rhinorrhea, sneezing or nose congestion. She has been a chronic smoker from early adulthood. Her temperature is 36.9°C (98.4°F), the heart rate is 80/min, the blood pressure is 128/84 mm Hg, and the respiratory rate is 22/min. A physical examination reveals diffuse end-expiratory wheezing with prolonged expiration on chest auscultation; breath sounds and heart sounds are diminished. There is no cyanosis, clubbing or lymphadenopathy. Her chest radiogram shows hyperinflated lungs bilaterally and a computed tomography scan of her chest is shown in the picture. Which of the following best describes the pathogenesis of the condition of this patient?",Structural cell death mediated by Rtp801,"{""A"": ""Infiltration of the lower airway mucosa by activated eosinophils and T lymphocytes"", ""B"": ""Increased release of matrix metalloproteinase 12 (MMP-12) by neutrophils"", ""C"": ""Structural cell death mediated by Rtp801"", ""D"": ""Depletion of the periciliary fluid layer in airway cells"", ""E"": ""Activation of histone deacetylase-2""}",step2&3,C,"[""Cardiovascular"", ""Pulmonology / Respiratory""]"
A scientist is designing experiments to better appreciate how the lung expands. He acquires two sets of cat lungs and fills one set with saline. He plots changes in the lungs' volume with respect to pressure as shown in Image A. The pressure-volume loop of the liquid-ventilated lung is different from the gas-ventilated lung because of what property?,Increased compliance,"{""A"": ""Reduced airway resistance"", ""B"": ""Increased residual volume"", ""C"": ""More pronounced hysteresis"", ""D"": ""Increased compliance"", ""E"": ""Increased inspiratory pressure""}",step1,D,"[""Pulmonology / Respiratory""]"
"A 55-year-old man presents with an unremitting cough and swelling of the lower limbs for the past 2 weeks. He says he has had a chronic cough for years, however, he feels it is getting worse. He reports a 30-pack-year smoking history. Physical examination reveals mild central cyanosis and expiratory wheezes throughout the chest. Oxygen therapy is ordered immediately but, soon after administering it, his respiratory rate starts to slow down and he becomes drowsy. Dysfunction of which of the following receptors most likely led to this patient’s current condition?",Central chemoreceptors,"{""A"": ""Airway stretch receptors"", ""B"": ""Central chemoreceptors"", ""C"": ""Peripheral chemoreceptors"", ""D"": ""Pleural pain receptors"", ""E"": ""Pulmonary stretch receptors""}",step1,B,"[""Pulmonology / Respiratory""]"
"A 30-year-old woman presents to her physician for difficulty breathing. She states that this typically happens to her when she goes outside and improves with rest and staying indoors. Her symptoms are currently worse than usual. The patient has never seen a physician before and has no diagnosed past medical history. Her temperature is 99.5°F (37.5°C), blood pressure is 97/58 mmHg, pulse is 110/min, respirations are 25/min, and oxygen saturation is 88% on room air. Pulmonary function tests demonstrate a decreased inspiratory and expiratory flow rate. Which of the following is the best initial treatment for this patient?",Epinephrine,"{""A"": ""Albuterol"", ""B"": ""Diphenhydramine"", ""C"": ""Epinephrine"", ""D"": ""Intubation"", ""E"": ""Prednisone""}",step2&3,C,"[""Pulmonology / Respiratory""]"
"A man is brought into the emergency department by police. The patient was found somnolent in the park and did not respond to questioning. The patient's past medical history is unknown, and he is poorly kempt. The patient's personal belongings include prescription medications and illicit substances such as alprazolam, diazepam, marijuana, cocaine, alcohol, acetaminophen, and a baggie containing an unknown powder. His temperature is 97.0°F (36.1°C), blood pressure is 117/58 mmHg, pulse is 80/min, respirations are 9/min, and oxygen saturation is 91% on room air. Physical exam reveals pupils that do not respond to light bilaterally, and a somnolent patient who only withdraws his limbs to pain. Which of the following is the best next step in management?",Naloxone,"{""A"": ""Flumazenil"", ""B"": ""Intubation"", ""C"": ""N-acetylcysteine"", ""D"": ""Naloxone"", ""E"": ""Supportive therapy, thiamine, and dextrose""}",step2&3,D,"[""Pulmonology / Respiratory"", ""Emergency / Critical Care""]"
"A 22-year-old woman presents to the emergency department with a chief concern of shortness of breath. She was hiking when she suddenly felt unable to breathe and had to take slow deep breaths to improve her symptoms. The patient is a Swedish foreign exchange student and does not speak any English. Her past medical history and current medications are unknown. Her temperature is 99.5°F (37.5°C), blood pressure is 127/68 mmHg, pulse is 120/min, respirations are 22/min, and oxygen saturation is 90% on room air. Physical exam is notable for poor air movement bilaterally and tachycardia. The patient is started on treatment. Which of the following best describes this patient's underlying pathology?

FEV1 = Forced expiratory volume in 1 second
FVC = Forced vital capacity
DLCO = Diffusing capacity of carbon monoxide",Normal DLCO,"{""A"": ""Decreased airway tone"", ""B"": ""Increased FEV1"", ""C"": ""Increased FEV1/FVC"", ""D"": ""Increased FVC"", ""E"": ""Normal DLCO""}",step2&3,E,"[""Pulmonology / Respiratory"", ""Cardiovascular""]"
"A 62-year-old man comes to the emergency department for severe, acute right leg pain. The patient's symptoms began suddenly 4 hours ago, while he was reading the newspaper. He has poorly-controlled hypertension and osteoarthritis. He has smoked one pack of cigarettes daily for 31 years. Current medications include lisinopril, metoprolol succinate, and ibuprofen. He appears to be in severe pain and is clutching his right leg. His temperature is 37.4°C (99.3°F), pulse is 102/min and irregularly irregular, respirations are 19/min, and blood pressure is 152/94 mm Hg. The right leg is cool to the touch, with decreased femoral, popliteal, posterior tibial, and dorsalis pedis pulses. There is moderate weakness and decreased sensation in the right leg. An ECG shows absent P waves and a variable R-R interval. Right leg Doppler study shows inaudible arterial signal and audible venous signal. Angiography shows 90% occlusion of the right common femoral artery. In addition to initiating heparin therapy, which of the following is the most appropriate next step in management?",Balloon catheter embolectomy,"{""A"": ""Open embolectomy"", ""B"": ""Balloon catheter embolectomy"", ""C"": ""Amputation of the affected limb"", ""D"": ""Surgical bypass of the affected vessel"", ""E"": ""Percutaneous transluminal angioplasty""}",step2&3,B,"[""Cardiovascular"", ""Emergency / Critical Care""]"
"A 22-year-old soldier sustains a gunshot wound to the left side of the chest during a deployment in Syria. The soldier and her unit take cover from gunfire in a nearby farmhouse, and a combat medic conducts a primary survey of her injuries. She is breathing spontaneously. Two minutes after sustaining the injury, she develops severe respiratory distress. On examination, she is agitated and tachypneic. There is an entrance wound at the midclavicular line at the 2nd rib and an exit wound at the left axillary line at the 4th rib. There is crepitus on the left side of the chest wall. Which of the following is the most appropriate next step in management?","Needle thoracostomy
""","{""A"": ""Administration of supplemental oxygen"", ""B"": ""Endotracheal intubation"", ""C"": ""Intravenous administration of fentanyl"", ""D"": ""Ultrasonography of the chest"", ""E"": ""Needle thoracostomy\n\""""}",step2&3,E,"[""Pulmonology / Respiratory""]"
"A 26-year-old medical student comes to the physician for a chest x-ray to rule out active pulmonary tuberculosis. He needs a medical and radiological report before starting a medical internship in South Africa. He has no history of serious illness and does not complain of any symptoms. He has smoked 1 pack of cigarettes daily for the past 6 years. He does not drink alcohol. He is 190 cm (6 ft 3 in) tall and weighs 75 kg (165 lbs); BMI is 20.8 kg/m2. His temperature is 37°C (98.6°F), pulse is 80/min, respirations are 18/min, and blood pressure is 128/89 mm Hg. The lungs are clear to auscultation. Cardiac examination shows no abnormalities. The x-ray of the chest shows a small pneumothorax (rim of < 2 cm) between the upper left lung margin and the chest wall. Which of the following is the most appropriate next step in management of this patient?",Observation and follow-up x-ray,"{""A"": ""Emergent needle thoracostomy"", ""B"": ""Observation and follow-up x-ray"", ""C"": ""Immediate intubation and assisted ventilation"", ""D"": ""CT of the chest"", ""E"": ""Urgent chest tube placement""}",step2&3,B,"[""Pulmonology / Respiratory"", ""Cardiovascular""]"
"A 69-year-old man is brought in by his wife with acute onset aphasia for the past 5 hours. The patient’s wife says that they were sitting having dinner when suddenly he was not able to speak. They delayed coming to the hospital because he had a similar episode 2 months ago which resolved within an hour. His past medical history is significant for hypercholesterolemia, managed with rosuvastatin, and a myocardial infarction (MI) 2 months ago, status post percutaneous transluminal coronary angioplasty complicated by residual angina. His family history is significant for his father who died of MI at age 60. The patient reports a 15-pack-year smoking history but denies any alcohol or recreational drug use. The vital signs include: temperature 37.0℃ (98.6℉), blood pressure 125/85 mm Hg, pulse 96/min, and respiratory rate 19/min. On physical examination, the patient has productive aphasia. There is a weakness of the right-sided lower facial muscles. The strength in his upper and lower extremities is 4/5 on the right and 5/5 on the left. There is also a decreased sensation on his right side. A noncontrast computed tomography (CT) scan of the head is unremarkable. CT angiography (CTA) and diffusion-weighted magnetic resonance imaging (MRI) of the brain are acquired, and the findings are shown in the exhibit (see image). Which of the following is the best course of treatment in this patient?",Mechanical thrombectomy,"{""A"": ""IV tPA"", ""B"": ""Aspirin"", ""C"": ""Low molecular weight heparin"", ""D"": ""Mechanical thrombectomy"", ""E"": ""Mannitol""}",step2&3,D,"[""Cardiovascular"", ""Neurology""]"
"A mother brings her 6-month-old boy to the emergency department. She reports that her son has been breathing faster than usual for the past 2 days, and she has noted occasional wheezing. She states that prior to the difficulty breathing, she noticed some clear nasal discharge for several days. The infant was born full-term, with no complications, and no significant medical history. His temperature is 100°F (37.8°C), blood pressure is 60/30 mmHg, pulse is 120/min, respirations are 40/min, and oxygen saturation is 95% on room air. Physical exam reveals expiratory wheezing, crackles diffusely, and intercostal retractions. The child is currently playing with toys. Which of the following is the most appropriate next step in management?",Monitoring,"{""A"": ""Albuterol"", ""B"": ""Azithromycin and ceftriaxone"", ""C"": ""Chest radiograph"", ""D"": ""Intubation"", ""E"": ""Monitoring""}",step2&3,E,"[""Pulmonology / Respiratory"", ""Emergency / Critical Care""]"
"A 45-year-old man presents to the emergency department with decreased exercise tolerance and shortness of breath which has progressed slowly over the past month. The patient recalls that shortly before the onset of these symptoms, he had a low-grade fever, malaise, and sore throat which resolved after a few days with over the counter medications. He does not have any chronic illnesses and denies recent travel or illicit habits. His vital signs include: blood pressure 120/80 mm Hg, temperature 37.0°C (98.6°F), and regular radial pulse 90/min. While checking his blood pressure manually, the difference between the systolic pressure at which the first Korotkoff sounds are heard during expiration and the pressure at which they are heard throughout the respiratory cycle is less than 10 mm Hg. On physical examination, he is in mild distress with jugular venous pressure (JVP) of 13 cm, and his heart sounds are muffled. His echocardiography shows a fluid collection in the pericardial sac with no evidence of right ventricular compression. Which of the following is the best initial step for the treatment of this patient?",Observation and anti-inflammatory medicines,"{""A"": ""Pericardiocentesis"", ""B"": ""Surgical drainage"", ""C"": ""Pericardiectomy"", ""D"": ""Observation and anti-inflammatory medicines"", ""E"": ""Prednisone""}",step2&3,D,"[""Cardiovascular"", ""Pulmonology / Respiratory""]"
"A 22-year-old woman presents to the emergency department feeling lightheaded and states that her heart is racing. She does not have a history of any chronic medical conditions. She is a college sophomore and plays club volleyball. Although she feels stressed about her upcoming final exams next week, she limits her caffeine intake to 3 cups of coffee per day to get a good night sleep. She notes that her brother takes medication for some type of heart condition, but she does not know the name of it. Both her parents are alive and well. She denies recent illness, injuries, or use of cigarettes, alcohol, or recreational drugs. The pertinent negatives from the review of systems include an absence of fever, nausea, vomiting, sweating, fatigue, or change in bowel habits. The vital signs include: temperature 36.8°C (98.2°F), heart rate 125/min, respiratory rate 15/min, blood pressure 90/75 mm Hg, and oxygen saturation of 100% on room air. The laboratory results are within normal limits. The ECG is significant for a shortened PR interval and widened QRS. Which of the following medications should the patient avoid in this scenario?",Verapamil,"{""A"": ""Procainamide"", ""B"": ""Verapamil"", ""C"": ""Ablation"", ""D"": ""Synchronized cardioversion"", ""E"": ""Amlodipine""}",step2&3,B,"[""Cardiovascular"", ""Gastroenterology""]"
"A 67-year-old man is brought to the emergency department because of increasing shortness of breath that began while playing outdoors with his grandson. He has a history of asthma but does not take any medications for it. On arrival, he is alert and oriented. He is out of breath and unable to finish his sentences. His pulse is 130/min, respirations are 23/min and labored, and blood pressure is 110/70 mm Hg. Physical examination shows nasal flaring and sternocleidomastoid muscle use. Pulmonary exam shows poor air movement bilaterally but no wheezing. Cardiac examination shows no abnormalities. Oxygen is administered via non-rebreather mask. He is given three albuterol nebulizer treatments, inhaled ipratropium, and intravenous methylprednisolone. The patient is confused and disoriented. Arterial blood gas analysis shows:
pH 7.34
Pco2 44 mm Hg
Po2 54 mm Hg
O2 saturation 87%
Which of the following is the most appropriate next step in management?""",Endotracheal intubation,"{""A"": ""Endotracheal intubation"", ""B"": ""Intravenous theophylline therapy"", ""C"": ""Continuous albuterol nebulizer therapy"", ""D"": ""Intravenous magnesium sulfate therapy"", ""E"": ""Flexible bronchoscopy\n\""""}",step2&3,A,"[""Pulmonology / Respiratory"", ""Cardiovascular""]"
"A 16-month-old male patient, with no significant past medical history, is brought into the emergency department for the second time in 5 days with tachypnea, expiratory wheezes and hypoxia. The patient presented to the emergency department initially due to rhinorrhea, fever and cough. He was treated with nasal suctioning and discharged home. The mother states that, over the past 5 days, the patient has started breathing faster with chest retractions. His vital signs are significant for a temperature of 100.7 F, respiratory rate of 45 and oxygen saturation of 90%. What is the most appropriate treatment for this patient?","Nasal suctioning, oxygen therapy and IV fluids","{""A"": ""Humidified oxygen, racemic epinephrine and intravenous (IV) dexamethasone"", ""B"": ""Albuterol, ipratropium and IV methylprednisolone"", ""C"": ""Intubation and IV cefuroxime"", ""D"": ""IV cefotaxime and IV vancomycin"", ""E"": ""Nasal suctioning, oxygen therapy and IV fluids""}",step2&3,E,"[""Pulmonology / Respiratory"", ""Emergency / Critical Care""]"
"A 3580-g (7-lb 14-oz) male newborn is delivered at 36 weeks' gestation to a 26-year-old woman, gravida 2, para 1 after an uncomplicated pregnancy. His temperature is 36.7°C (98.1°F), heart rate is 96/min, and respirations are 55/min and irregular. Pulse oximetry on room air shows an oxygen saturation of 65% measured in the right hand. He sneezes and grimaces during suction of secretions from his mouth. There is some flexion movement. The trunk is pink and the extremities are blue. The cord is clamped and the newborn is dried and wrapped in a prewarmed towel. Which of the following is the most appropriate next best step in management?",Administer positive pressure ventilation,"{""A"": ""Administer erythromycin ophthalmic ointment"", ""B"": ""Administer positive pressure ventilation"", ""C"": ""Perform endotracheal intubation"", ""D"": ""Administer intravenous epinephrine"", ""E"": ""Perform chest compressions\n\""""}",step2&3,B,"[""Obstetrics / Gynecology"", ""Cardiovascular""]"
A previously healthy 61-year-old man comes to the physician because of a 6-month history of morning headaches. He also has fatigue and trouble concentrating on his daily tasks at work. He sleeps for 8 hours every night; his wife reports that he sometimes stops breathing for a few seconds while sleeping. His pulse is 71/min and blood pressure is 158/96 mm Hg. He is 178 cm (5 ft 10 in) tall and weighs 100 kg (220 lb); BMI is 31.6 kg/m2 . Which of the following is the most likely cause of this patient's hypertension?,Nocturnal upper airway obstruction,"{""A"": ""Nocturnal upper airway obstruction"", ""B"": ""Hypophyseal neoplasm"", ""C"": ""Hypersecretion of aldosterone"", ""D"": ""Overproduction of cortisol"", ""E"": ""Proliferation of adrenal chromaffin cells""}",step1,A,"[""Cardiovascular"", ""Endocrinology / Metabolic""]"
"A 55-year-old man presents to the physician for the evaluation of excessive daytime sleepiness over the past six months. Despite sleeping 8–9 hours a night and taking a nap during the day, he feels drowsy and is afraid to drive. His wife complains of loud snoring and gasping during the night. His blood pressure is 155/95 mm Hg. BMI is 37 kg/m2. Oropharyngeal examination shows a small orifice and an enlarged tongue and uvula. The soft palate is low-lying. The examination of the nasal cavity shows no septal deviation or polyps. Examination of the lungs and heart shows no abnormalities. Polysomnography shows an apnea-hypopnea index of 8 episodes/h. The patient is educated about weight loss, exercise, and regular sleep hours and duration. Which of the following is the most appropriate next step in management?",Continuous positive airway pressure,"{""A"": ""Continuous positive airway pressure"", ""B"": ""Oral appliances"", ""C"": ""Supplemental oxygen"", ""D"": ""Upper airway neurostimulation"", ""E"": ""Upper airway surgery""}",step2&3,A,"[""Cardiovascular"", ""Endocrinology / Metabolic""]"
"A 77-year-old woman is brought by ambulance to the emergency department after she developed weakness of her right arm along with a right-sided facial droop.  By the time the ambulance arrived, she was having difficulty speaking. Past medical history is significant for hypertension, diabetes mellitus type II, and hyperlipidemia. She takes lisinopril, hydrochlorothiazide, metformin, and atorvastatin. On arrival to the emergency department, her vital signs are within normal limits.  On physical examination, she is awake and alert but the right side of her mouth is dropping, making it difficult for her to speak clearly. Her heart has a regular rate and rhythm and her lungs are clear to auscultation bilaterally. Fingerstick glucose is 85 mg/dL. Her right upper extremity strength is 2/5 and her left upper extremity strength is 5/5. Which of the following is the best next step in management?",Obtain noncontrast CT of the brain,"{""A"": ""Intubate the patient"", ""B"": ""Obtain noncontrast CT of the brain"", ""C"": ""Obtain transcranial doppler"", ""D"": ""Start tissue plasminogen activator (tPA)"", ""E"": ""Consult cardiology""}",step2&3,B,"[""Endocrinology / Metabolic"", ""Cardiovascular""]"
"A 5-year-old boy is brought to the emergency department by his grandmother because of difficulty breathing. Over the past two hours, the grandmother has noticed his voice getting progressively hoarser and occasionally muffled, with persistent drooling. He has not had a cough. The child recently immigrated from Africa, and the grandmother is unsure if his immunizations are up-to-date. He appears uncomfortable and is sitting up and leaning forward with his chin hyperextended. His temperature is 39.5°C (103.1°F), pulse is 110/min, and blood pressure is 90/70 mm Hg. Pulse oximetry on room air shows an oxygen saturation of 95%. Pulmonary examination shows inspiratory stridor and scattered rhonchi throughout both lung fields, along with poor air movement. Which of the following is the most appropriate next step in management?",Nasotracheal intubation,"{""A"": ""Nebulized albuterol"", ""B"": ""Intravenous administration of corticosteroids"", ""C"": ""Pharyngoscopy"", ""D"": ""Intravenous administration of antibiotics"", ""E"": ""Nasotracheal intubation""}",step2&3,E,"[""Pulmonology / Respiratory"", ""Emergency / Critical Care""]"
"A 45-year-old male is brought into the emergency room by emergency medical services due to a stab wound in the chest. The wound is located superior and medial to the left nipple. Upon entry, the patient appears alert and is conversational, but soon becomes confused and loses consciousness. The patient's blood pressure is 80/40 mmHg, pulse 110/min, respirations 26/min, and temperature 97.0 deg F (36.1 deg C). On exam, the patient has distended neck veins with distant heart sounds. What is the next best step to increase this patient's survival?",Pericardiocentesis,"{""A"": ""Intravenous fluids"", ""B"": ""Intravenous colloids"", ""C"": ""Heparin"", ""D"": ""Aspirin"", ""E"": ""Pericardiocentesis""}",step2&3,E,"[""Emergency / Critical Care"", ""Cardiovascular""]"
"A 79-year-old man is admitted to the intensive care unit for hospital acquired pneumonia, a COPD flare, and acute heart failure requiring intubation and mechanical ventilation. On his first night in the intensive care unit, his temperature is 99.7°F (37.6°C), blood pressure is 107/58 mm Hg, and pulse is 150/min which is a sudden change from his previous vitals. Physical exam is notable for jugular venous distension and a rapid heart rate. The ventilator is checked and is functioning normally. Which of the following is the best next step in management for the most likely diagnosis?",Needle thoracostomy,"{""A"": ""Chest radiograph"", ""B"": ""FAST exam"", ""C"": ""Needle thoracostomy"", ""D"": ""Thoracotomy"", ""E"": ""Tube thoracostomy""}",step2&3,C,"[""Cardiovascular"", ""Pulmonology / Respiratory""]"
"Two days after admission for myocardial infarction and subsequent coronary angioplasty, a 65-year-old man becomes distressed and diaphoretic in the cardiac intensive care unit. Suddenly he is no longer responsive. Pulse oximetry does not show a tracing. He has a history of hypertension and depression. Prior to his admission, his medication included ramipril and aripiprazole. Examination shows no carotid pulse. An ECG is shown. After beginning chest compressions, which of the following is the most appropriate step in management of the patient?",Defibrillation,"{""A"": ""Intravenous procainamide"", ""B"": ""Defibrillation"", ""C"": ""Intravenous magnesium sulfate"", ""D"": ""Cardiac catheterization"", ""E"": ""Intravenous amiodarone""}",step2&3,B,"[""Cardiovascular"", ""Psychiatry""]"
"A 44-year-old man comes to the emergency department because of persistent palpitations for the past 2 hours. The day before, he was at a wedding, where he drank several glasses of wine and 9–10 vodka cocktails. He has never had similar symptoms before. He is a manager at a software company and has recently had a lot of work-related stress. He is otherwise healthy and takes no medications. His temperature is 36.5°C (97.7°F), pulse is 90/min and irregularly irregular, respirations are 13/min, and his blood pressure is 128/60 mm Hg. Physical examination shows no other abnormalities. An ECG is performed; no P-waves can be identified. Echocardiography shows no valvular abnormalities and normal ventricular function. One hour later, a repeat ECG shows normal P waves followed by narrow QRS complexes. He is still experiencing occasional palpitations. Which of the following is the most appropriate next step in management?",Observation,"{""A"": ""Observation"", ""B"": ""Adenosine injection"", ""C"": ""Defibrillation"", ""D"": ""Catheter ablation"", ""E"": ""Electrical cardioversion\n\""""}",step2&3,A,"[""Cardiovascular"", ""Emergency / Critical Care""]"
"A 57-year-old man comes to the physician because of a 2-year history of fatigue, worsening shortness of breath, and a productive cough for 2 years. He has smoked 1 pack of cigarettes daily for the past 40 years. Examination shows pursed-lip breathing and an increased anteroposterior chest diameter. There is diffuse wheezing bilaterally and breath sounds are distant. Which of the following parameters is most likely to be decreased in this patient?",Lung elastic recoil,"{""A"": ""Work of breathing"", ""B"": ""Lung elastic recoil"", ""C"": ""Lower airway resistance"", ""D"": ""Thickness of small airways"", ""E"": ""Pulmonary vascular pressure""}",step1,B,"[""Pulmonology / Respiratory""]"
"A 23-year-old woman comes to the emergency department because of a diffuse, itchy rash and swollen face for 6 hours. That morning, she was diagnosed with an abscess of the lower leg. She underwent treatment with incision and drainage as well as oral antibiotics. She has no history of serious illness. She is not in acute distress. Her temperature is 37.2°C (99°F), pulse is 78/min, and blood pressure is 128/84 mm Hg. Physical examination shows mild swelling of the eyelids and lips. There are multiple erythematous patches and wheals over her upper extremities, back, and abdomen. The lungs are clear to auscultation. Cardiac examination shows no abnormalities. After discontinuing all recently administered drugs and beginning continuous vital sign monitoring, which of the following is the most appropriate next step in management?","Intravenous methylprednisolone, ranitidine, and diphenhydramine administration","{""A"": ""Watchful waiting and regular reassessments"", ""B"": ""Intravenous ranitidine administration"", ""C"": ""Intravenous methylprednisolone, ranitidine, and diphenhydramine administration"", ""D"": ""Intramuscular epinephrine and intravenous hydrocortisone administration"", ""E"": ""Endotracheal intubation and mechanical ventilation""}",step2&3,C,"[""Cardiovascular"", ""Gastroenterology""]"
"A 24-year-old man is brought to the emergency department after being involved in a motor vehicle accident as an unrestrained driver. He was initially found unconscious at the scene but, after a few minutes, he regained consciousness. He says he is having difficulty breathing and has right-sided pleuritic chest pain. A primary trauma survey reveals multiple bruises and lacerations on the anterior chest wall. His temperature is 36.8°C (98.2°F), blood pressure is 100/60 mm Hg, pulse is 110/min, and respiratory rate is 28/min. Physical examination reveals a penetrating injury just below the right nipple. Cardiac examination is significant for jugular venous distention. There is also an absence of breath sounds on the right with hyperresonance to percussion. A bedside chest radiograph reveals evidence of a collapsed right lung with depression of the right hemidiaphragm and tracheal deviation to the left. Which of the following is the most appropriate next step in the management of this patient?","Needle thoracostomy at the 2nd intercostal space, midclavicular line","{""A"": ""Needle thoracostomy at the 5th intercostal space, midclavicular line"", ""B"": ""Needle thoracostomy at the 2nd intercostal space, midclavicular line"", ""C"": ""Tube thoracostomy at the 2nd intercostal space, midclavicular line"", ""D"": ""Tube thoracostomy at the 5th intercostal space, midclavicular line"", ""E"": ""Tube thoracostomy at the 5th intercostal space, anterior axillary line""}",step1,B,"[""Pulmonology / Respiratory"", ""Emergency / Critical Care""]"
"A 68-year-old man presents to the emergency department because of difficulty breathing and chest tightness for the last 3 days. He also has a productive cough with excessive amounts of green sputum. He has had chronic obstructive pulmonary disease for the past 10 years, but says that the cough and sputum are different compared to his baseline. He took 2 doses of nebulized albuterol and ipratropium at home, but that did not completely relieve his symptoms. He has a 50 pack-year smoking history and drinks alcohol occasionally. His vital signs include a blood pressure of 110/60 mm Hg, a temperature of 37.2 °C (98.9°F), a respiratory rate of 26/min, an irregular radial pulse at a rate of 110–120/min, and an oxygen saturation of 88%. On physical examination, the patient appears drowsy, crackles are heard on chest auscultation bilaterally, and the heart sounds are irregular. A chest X-ray shows hyperinflation of the lungs bilaterally, and the diaphragm is flattened. An ECG is ordered and shown in the accompanying image. Which of the following is the best initial treatment for this patient’s arrhythmia?",Reversing bronchoconstriction and correction of electrolyte abnormalities,"{""A"": ""Diltiazem"", ""B"": ""Reversing bronchoconstriction and correction of electrolyte abnormalities"", ""C"": ""Synchronized cardioversion"", ""D"": ""Catheter ablation of the cavotricuspid isthmus (CTI)"", ""E"": ""Metoprolol""}",step2&3,B,"[""Pulmonology / Respiratory"", ""Cardiovascular""]"
"A 45-year-old man comes to the physician because of worsening shortness of breath and dry cough for 6 months. The patient's symptoms get worse when he walks more than about 150 yards. He also reports fatigue and difficulty swallowing solid foods. In cold weather, his fingers occasionally turn blue and become painful. He occasionally smokes cigarettes on weekends. His temperature is 37°C (98.6°F), and respirations are 22/min, pulse is 87/min, and blood pressure is 126/85 mm Hg. The skin over his trunk and arms is thickened and tightened. Fine inspiratory crackles are heard over bilateral lower lung fields on auscultation. Which of the following additional findings is most likely in this patient?",Decreased diffusing capacity,"{""A"": ""Decreased right atrial pressure"", ""B"": ""Increased lung compliance"", ""C"": ""Decreased diffusing capacity"", ""D"": ""Increased airway resistance"", ""E"": ""Decreased A-a gradient""}",step1,C,"[""Pulmonology / Respiratory"", ""Dermatology""]"
"A 4-year old boy is brought to the emergency department with fever, painful swallowing, headache, and neck spasm that began shortly after waking up. He has had a sore throat over the last week that acutely worsened this morning. He has no history of serious illness and takes no medications. He lives at home with his mother. His older brother has asthma. His immunizations are up-to-date. He appears acutely ill. His temperature is 38.4°C (101.2°F), pulse is 95/min, respirations are 33/min, and blood pressure is 93/60 mm Hg. Examination shows drooling. The neck is stiff and extension is limited. Respirations appear labored with accessory muscle use. Inspiratory stridor is heard on auscultation of the chest. Cardiac examination shows no abnormalities. Oropharyngeal examination shows a bulge in the posterior pharyngeal wall. Intravenous access is obtained and laboratory studies are ordered. Which of the following is the most appropriate next step in the management of this patient?",Endotracheal intubation,"{""A"": ""Endotracheal intubation"", ""B"": ""IV antibiotics"", ""C"": ""Blood cultures"", ""D"": ""IV corticosteroids"", ""E"": ""Nebulized albuterol""}",step2&3,A,"[""Cardiovascular"", ""Neurology""]"
"A 25-year-old man presents to the emergency department complaining of palpitations, lightheadedness, and sweating. He just started working at an investment firm and has been working long hours to make a good impression. Today, he had a dozen cups of espresso to keep himself awake and working. He has never had such an episode before. His past medical history is unremarkable. His pulse is 150/min, blood pressure is 134/88 mm Hg, respirations are 12/min, and temperature is 36.7°C (98.0°F). ECG shows supraventricular tachycardia with sinus rhythm. Which of the following is the next best step in the management of this patient?",Valsalva maneuver,"{""A"": ""Adenosine infusion"", ""B"": ""Drinking coffee"", ""C"": ""Dipping his face in warm water"", ""D"": ""Synchronized cardioversion"", ""E"": ""Valsalva maneuver""}",step1,E,"[""Cardiovascular"", ""Emergency / Critical Care""]"
"A 67-year-old woman is brought by ambulance from home to the emergency department after she developed weakness of her left arm and left face droop. According to her husband, she has a history of COPD, hypertension, and hyperlipidemia. She takes hydrochlorothiazide, albuterol, and atorvastatin. She is not on oxygen at home. She is an active smoker and has smoked a pack a day for 20 years. Her mother died of a heart attack at age 60 and her father died of prostate cancer at age 55. By the time the ambulance arrived, she was having difficulty speaking. Once in the emergency department, she is no longer responsive. Her blood pressure is 125/85 mm Hg, the temperature is 37.2°C (99°F), the heart rate is 77/min, and her breathing is irregular, and she is taking progressively deeper inspirations interrupted with periods of apnea. Of the following, what is the next best step?",Intubate the patient,"{""A"": ""Intubate the patient"", ""B"": ""Obtain non-contrast enhanced CT of brain"", ""C"": ""Obtain an MRI of brain"", ""D"": ""Start tissue plasminogen activator (tPA)"", ""E"": ""Consult a cardiologist""}",step2&3,A,"[""Cardiovascular"", ""Pulmonology / Respiratory""]"
"A 64-year-old woman is brought to the emergency department 1 hour after the onset of acute shortness of breath and chest pain. The chest pain is retrosternal in nature and does not radiate. She feels nauseated but has not vomited. She has type 2 diabetes mellitus, hypertension, and chronic kidney disease. Current medications include insulin, aspirin, metoprolol, and hydrochlorothiazide. She is pale and diaphoretic. Her temperature is 37°C (98°F), pulse is 136/min, and blood pressure is 80/60 mm Hg. Examination shows jugular venous distention and absence of a radial pulse during inspiration. Crackles are heard at the lung bases bilaterally. Cardiac examination shows distant heart sounds. Laboratory studies show:
Hemoglobin 8.3 g/dL
Serum
Glucose 313 mg/dL
Urea nitrogen 130 mg/dL
Creatinine 6.0 mg/dL
Which of the following is the most appropriate next step in management?""",Pericardiocentesis,"{""A"": ""Pericardiocentesis"", ""B"": ""Hemodialysis"", ""C"": ""Furosemide therapy"", ""D"": ""Norepinephrine infusion"", ""E"": ""Aspirin therapy""}",step2&3,A,"[""Cardiovascular"", ""Endocrinology / Metabolic""]"
"A 63-year-old man is brought to the emergency department, 30 minutes after being involved in a high-speed motor vehicle collision. He is obtunded on arrival. He is intubated and mechanical ventilation is begun. The ventilator is set at a FiO2 of 60%, tidal volume of 440 mL, and positive end-expiratory pressure of 4 cm H2O. On the third day of intubation, his temperature is 37.3°C (99.1°F), pulse is 91/min, and blood pressure is 103/60 mm Hg. There are decreased breath sounds over the left lung base. Cardiac examination shows no abnormalities. The abdomen is soft and not distended. Arterial blood gas analysis shows:
pH 7.49
pCO2 29 mm Hg
pO2 73 mm Hg
HCO3- 20 mEq/L
O2 saturation 89%
Monitoring shows a sudden increase in the plateau airway pressure. An x-ray of the chest shows deepening of the costophrenic angle on the left side. Which of the following is the most appropriate next step in management?""",Insertion of a chest tube,"{""A"": ""Administer levofloxacin"", ""B"": ""Increase the PEEP"", ""C"": ""Insertion of a chest tube"", ""D"": ""CT scan of the chest"", ""E"": ""Close observation\n\""""}",step2&3,C,"[""Cardiovascular"", ""Pulmonology / Respiratory""]"
"A 52-year-old obese man is brought to the emergency department 30 minutes after he was involved in a high-speed motor vehicle collision. He was the unrestrained driver. On arrival, he is lethargic. His pulse is 112/min, respirations are 10/min and irregular, and blood pressure is 94/60 mm Hg. Pulse oximetry on room air shows an oxygen saturation of 91%. The pupils are equal and react sluggishly to light. He withdraws his extremities to pain. There are multiple bruises over his face, chest, and abdomen. Breath sounds are decreased over the left lung base. Two large bore peripheral venous catheters are inserted and 0.9% saline infusion is begun. Rapid sequence intubation is initiated and endotracheal intubation is attempted without success. Bag and mask ventilation is continued. Pulse oximetry shows an oxygen saturation of 84%. The patient has no advance directive and family members have not arrived. Which of the following is the most appropriate next step in the management of this patient?","Cricothyrotomy
""","{""A"": ""Video laryngoscopy"", ""B"": ""Comfort measures only"", ""C"": ""Tracheostomy"", ""D"": ""Nasotracheal intubation"", ""E"": ""Cricothyrotomy\n\""""}",step2&3,E,"[""Pulmonology / Respiratory"", ""Gastroenterology""]"
"A 61-year-old man comes to the emergency department because of shortness of breath and right-sided chest pain for 3 days. The pain is sharp and worsens with deep inspiration. He has also had a fever and a cough productive of yellow sputum for 5 days. His temperature is 38.1°C (100.5°F), pulse is 85/min, respirations are 22/min, and blood pressure is 132/85 mm Hg. Physical examination shows dullness to percussion at the bases of the right lung; breath sounds are diminished over the right middle and lower lobes. An x-ray of the chest shows blunting of the right costophrenic angle. Pleural fluid obtained via diagnostic thoracocentesis shows a pH of 7.1 and glucose concentration of 55 mg/dL. In addition to broad-spectrum antibiotics, which of the following is the most appropriate next step in management?",Chest tube placement,"{""A"": ""Intrapleural administration of deoxyribonuclease"", ""B"": ""Pleural decortication"", ""C"": ""Intrapleural administration of tissue plasminogen activator"", ""D"": ""Chest tube placement"", ""E"": ""Thoracoscopic debridement""}",step2&3,D,"[""Pulmonology / Respiratory"", ""Infectious Disease""]"
"A 55-year-old man presents to the emergency department with hematemesis that started 1 hour ago but has subsided. His past medical history is significant for cirrhosis with known esophageal varices which have been previously banded. His temperature is 97.5°F (36.4°C), blood pressure is 114/64 mmHg, pulse is 130/min, respirations are 12/min, and oxygen saturation is 98% on room air. During the patient's physical exam, he begins vomiting again and his heart rate increases with a worsening blood pressure. He develops mental status changes and on exam he opens his eyes and flexes his arms only to sternal rub and and is muttering incoherent words. Which of the following is the most appropriate next step in management?",Intubation,"{""A"": ""Emergency surgery"", ""B"": ""Emergency variceal banding"", ""C"": ""Intubation"", ""D"": ""IV fluids and fresh frozen plasma"", ""E"": ""Transfuse blood products""}",step2&3,C,"[""Gastroenterology"", ""Cardiovascular""]"
"A 27-year-old man is brought to the emergency department 45 minutes after being involved in a motor vehicle collision. He is agitated. He has pain in his upper right arm, which he is cradling in his left arm. His temperature is 36.7°C (98°F), pulse is 135/min, respirations are 25/min, and blood pressure is 145/90 mm Hg. His breathing is shallow. Pulse oximetry on 100% oxygen via a non-rebreather face mask shows an oxygen saturation of 83%. He is confused and oriented only to person. Examination shows multiple bruises on the right anterior thoracic wall. The pupils are equal and reactive to light. On inspiration, his right chest wall demonstrates paradoxical inward movement while his left chest wall is expanding. There is pain to palpation and crepitus over his right anterior ribs. The remainder of the examination shows no abnormalities. An x-ray of the chest is shown. Two large-bore IVs are placed. After fluid resuscitation and analgesia, which of the following is the most appropriate next step in management?",Intubation with positive pressure ventilation,"{""A"": ""Placement of a chest tube"", ""B"": ""Intubation with positive pressure ventilation"", ""C"": ""Bedside thoracotomy"", ""D"": ""CT scan of the chest"", ""E"": ""Surgical fixation of right third to sixth ribs""}",step2&3,B,"[""Pulmonology / Respiratory"", ""Emergency / Critical Care""]"
"Two hours after delivery, a 1900-g (4-lb 3-oz) female newborn develops respiratory distress. She was born at 32 weeks' gestation. Pregnancy was complicated by pregnancy-induced hypertension. Her temperature is 36.8°C (98.2°F), pulse is 140/min and respirations are 64/min. Examination shows bluish extremities. Grunting and moderate subcostal retractions are present. There are decreased breath sounds bilaterally on auscultation. An x-ray of the chest shows reduced lung volume and diffuse reticulogranular densities. Supplemental oxygen is administered. Which of the following is the most appropriate next best step in management?",Continous positive airway pressure ventilation,"{""A"": ""Nitric oxide therapy"", ""B"": ""Corticosteroid therapy"", ""C"": ""Continous positive airway pressure ventilation"", ""D"": ""Ampicillin and gentamicin therapy"", ""E"": ""Surfactant therapy""}",step2&3,C,"[""Obstetrics / Gynecology"", ""Pulmonology / Respiratory""]"
"A 66-year-old man presents to the emergency department with a 3-hour history of crushing chest pain radiating to the left shoulder and neck. Patient states that the pain began suddenly when he was taking a walk around the block and has not improved with rest. He also mentions difficulty breathing and prefers to sit leaning forward. He denies ever having similar symptoms before. Past medical history is significant for hypertension, diagnosed 10 years ago, and hyperlipidemia diagnosed 8 years ago. Current medications are atorvastatin. Patient is also prescribed hydrochlorothiazide as an antihypertensive but is not compliant because he says it makes him urinate too often.
Vitals show a blood pressure of 152/90 mm Hg, pulse of 106/min, respirations of 22/min and oxygen saturation of 97% on room air. On physical exam, patient is profusely diaphoretic and hunched over in distress. Cardiac exam is unremarkable and lungs are clear to auscultation. During your examination, the patient suddenly becomes unresponsive and a pulse cannot be palpated. A stat ECG shows the following (see image). Which of the following is the next best step in management?",Unsynchronized cardioversion,"{""A"": ""Administer epinephrine"", ""B"": ""Administer amiodarone"", ""C"": ""Synchronized cardioversion"", ""D"": ""Unsynchronized cardioversion"", ""E"": ""Urgent echocardiography""}",step2&3,D,"[""Cardiovascular"", ""Pulmonology / Respiratory""]"
"A 50-year-old man with a history of stage 4 kidney disease was admitted to the hospital for an elective hemicolectomy. His past medical history is significant for severe diverticulitis. After the procedure he becomes septic and was placed on broad spectrum antibiotics. On morning rounds, he appear weak and complains of fatigue and nausea. His words are soft and he has difficulty answering questions. His temperature is 38.9°C (102.1°C), heart rate is 110/min, respiratory rate is 15/min, blood pressure 90/65 mm Hg, and saturation is 89% on room air. On physical exam, his mental status appears altered. He has a bruise on his left arm that spontaneously appeared overnight. His cardiac exam is positive for a weak friction rub. Blood specimens are collected and sent for evaluation. An ECG is performed (see image). What therapy will this patient most likely receive next?",Send the patient for hemodialysis,"{""A"": ""Perform a STAT pericardiocentesis"", ""B"": ""Treat the patient with cyclophosphamide and prednisone"", ""C"": ""Send the patient for hemodialysis"", ""D"": ""Prepare the patient for renal transplant"", ""E"": ""Treat the patient with aspirin""}",step2&3,C,"[""Cardiovascular"", ""Nephrology""]"
"A 56-year-old woman presents to the emergency department following a seizure episode. She has a remote history of tonic-clonic seizures; however, her seizures have been well-controlled on valproate, with no seizure episodes occurring over the past 12 years. She was weaned off of the valproate 4 months ago. Her temperature is 97.6°F (36.4°C), blood pressure is 122/80 mmHg, pulse is 85/min, respirations are 15/min, and oxygen saturation is 99% on room air. Examination reveals her to be lethargic and somewhat confused. She is moving all extremities spontaneously. Her mucous membranes appear moist and she does not demonstrate any skin tenting. Laboratory values are ordered as seen below.

Arterial blood gas
pH: 7.21
PO2: 99 mmHg
PCO2: 20 mmHg
HCO3-: 10 meq/L

The patient's initial serum chemistries and CBC are otherwise unremarkable except for the bicarbonate as indicated above. An ECG demonstrates normal sinus rhythm. Which of the following is the best next step in management for this patient's acid-base status?",Observation,"{""A"": ""Dialysis"", ""B"": ""Intubation"", ""C"": ""Normal saline"", ""D"": ""Observation"", ""E"": ""Sodium bicarbonate""}",step2&3,D,"[""Neurology"", ""Cardiovascular""]"
"A 54-year-old woman comes to the emergency department because of two episodes of bright red blood per rectum within the past day. She has a history of migraine, which is treated prophylactically with verapamil. She appears well and is hemodynamically stable. Cardiac exam reveals a regular heart rate without any murmurs or gallops. Lungs are clear to auscultation. Her abdomen is mildly tender without rebound or guarding. Digital rectal examination shows fresh blood on the glove. Laboratory studies show:
Hemoglobin 10.4 g/dL
Leukocyte count 5,000/mm3
Platelet count 175,000/mm3
Partial thromboplastin time 35 seconds
Serum
Na+ 140 mEq/L
K+ 3.7 mEq/L
Cl- 101 mEq/L
HCO3- 25 mEq/L
Mg2+ 1.8 mEq/L
A routine ECG shows a heart rate of 75/min, a normal axis, PR interval of 280 ms, QRS interval of 80 ms with a QRS complex following each p wave, and no evidence of ischemic changes. Which of the following is the most appropriate next step in management with respect to this patient's cardiovascular workup?""",Observation,"{""A"": ""Atropine therapy"", ""B"": ""Observation"", ""C"": ""Synchronized cardioversion"", ""D"": ""Metoprolol therapy"", ""E"": ""Pacemaker placement""}",step2&3,B,"[""Cardiovascular"", ""Hematology / Oncology""]"
"A 65-year-old patient comes to the physician because of a 6-month history of persistent dry cough and shortness of breath with mild exertion. He reports feeling too weak to leave the house on most days. He has a history of hypertension and chronic atrial fibrillation. He has smoked a pack of cigarettes daily for 45 years. His medications include warfarin, enalapril, and amiodarone. His temperature is 36.1°C (97°F), pulse is 85/min and irregularly irregular, and blood pressure is 148/82 mm Hg. Physical examination shows enlargement of the fingertips with increased curving of the nail. Inspiratory crackles are heard over both lung bases. Spirometry shows decreased vital capacity. A CT scan of the chest shows clustered air spaces and reticular opacities in the basal parts of the lung. Which of the following is the most likely underlying mechanism of this patient's dyspnea?",Excess collagen deposition in the extracellular matrix of the lung,"{""A"": ""Excess collagen deposition in the extracellular matrix of the lung"", ""B"": ""Chronic airway inflammation"", ""C"": ""Pleural scarring"", ""D"": ""Increased pressure in the pulmonary arteries"", ""E"": ""Peribronchiolar accumulation of Langerhans cells""}",step2&3,A,"[""Pulmonology / Respiratory"", ""Cardiovascular""]"
"A 45-year-old man in respiratory distress presents to the emergency department. He sustained a stab to his left chest and was escorted to the nearest hospital. The patient appears pale and has moderate difficulty with breathing. His O2 saturation is 94%. The left lung is dull to percussion. CXRs are ordered and confirm the likely diagnosis. His blood pressure is 95/57 mm Hg, the respirations are 22/min, the pulse is 87/min, and the temperature is 36.7°C (98.0°F). His chest X-ray is shown. Which of the following is the next best step in management for this patient?",Chest tube insertion,"{""A"": ""Needle aspiration"", ""B"": ""Chest tube insertion"", ""C"": ""ABG"", ""D"": ""Thoracotomy"", ""E"": ""CT scan ""}",step2&3,B,"[""Pulmonology / Respiratory"", ""Emergency / Critical Care""]"
"A 32-year-old man is brought into the emergency department by his friends. The patient was playing soccer when he suddenly became short of breath. The patient used his albuterol inhaler with minimal improvement in his symptoms. He is currently struggling to breathe. The patient has a past medical history of asthma and a 25 pack-year smoking history. His current medications include albuterol, fluticasone, and oral prednisone. His temperature is 99.5°F (37.5°C), blood pressure is 137/78 mmHg, pulse is 120/min, respirations are 27/min, and oxygen saturation is 88% on room air. On pulmonary exam, the patient exhibits no wheezing with bilateral minimal air movement. The patient’s laboratory values are ordered as seen below.

Hemoglobin: 15 g/dL
Hematocrit: 43%
Leukocyte count: 5,500/mm^3 with normal differential
Platelet count: 194,000/mm^3

Serum:
Na+: 138 mEq/L
Cl-: 102 mEq/L
K+: 4.4 mEq/L
HCO3-: 24 mEq/L
BUN: 20 mg/dL
Glucose: 120 mg/dL
Creatinine: 1.0 mg/dL
Ca2+: 10.2 mg/dL
pH: 7.44
PaCO2: 10 mmHg
PaO2: 60 mmHg
AST: 12 U/L
ALT: 10 U/L

The patient is started on an albuterol nebulizer, magnesium sulfate, and tiotropium bromide. Repeat vitals reveal an oxygen saturation of 90% with a pulse of 115/min. Laboratory values are repeated as seen below.

pH: 7.40
PaCO2: 44 mmHg
PaO2: 64 mmHg

Which of the following is the next best step in management of this patient?",Intubation,"{""A"": ""Continue current management with close observation"", ""B"": ""Begin oral steroids"", ""C"": ""Begin IV steroids"", ""D"": ""Terbutaline"", ""E"": ""Intubation""}",step2&3,E,"[""Pulmonology / Respiratory"", ""Hematology / Oncology""]"
"A 59-year-old man presents with the persistent right-sided facial droop and slurred speech for the past 2 hours. He says he had similar symptoms 6 months ago which resolved within 1 hour. His past medical history is significant for long-standing hypertension, managed with hydrochlorothiazide. He reports a 10-pack-year smoking history but denies any alcohol or recreational drug use. The vital signs include: blood pressure 145/95 mm Hg, pulse 95/min, and respiratory rate 18/min. On physical examination, the patient has an asymmetric smile and right-sided weakness of his lower facial muscles. There is a deviation of his tongue towards the right. Dysarthria is noted. His muscle strength in the upper extremities is 4/5 on the right and 5/5 on the left. The remainder of the physical exam is unremarkable. Which of the following is the next most appropriate step in the management of this patient?",CT of the head without contrast,"{""A"": ""CT of the head without contrast"", ""B"": ""CT of the head with contrast"", ""C"": ""T1/T2 MRI of the head"", ""D"": ""CT angiography of the brain"", ""E"": ""IV tPA""}",step2&3,A,"[""Cardiovascular"", ""Pulmonology / Respiratory""]"
"A 5-year-old is brought into the emergency department for trouble breathing. He was at a family picnic playing when his symptoms began. The patient is currently struggling to breathe and has red, warm extremities. The patient has an unknown medical history and his only medications include herbs that his parents give him. His temperature is 99.5°F (37.5°C), pulse is 112/min, blood pressure is 70/40 mmHg, respirations are 18/min, and oxygen saturation is 82% on 100% O2. Which of the following is the best initial step in management?",Epinephrine,"{""A"": ""Albuterol"", ""B"": ""Epinephrine"", ""C"": ""Intubation"", ""D"": ""Cricothyroidotomy"", ""E"": ""Albuterol, ipratropium, and magnesium""}",step2&3,B,"[""Pulmonology / Respiratory"", ""Emergency / Critical Care""]"
"A 52-year-old man presents to the emergency department with sudden-onset dyspnea, tachycardia, tachypnea, and chest pain. He works as a long-haul truck driver, and he informs you that he recently returned to the west coast from a trip to Tennessee. His medical history is significant for gout, hypertension, hypercholesterolemia, diabetes mellitus type 2, and mild intellectual disability. He currently smokes 2 packs of cigarettes/day, drinks a 6-pack of beer/day, and he endorses a past history of injection drug use but currently denies any illicit drug use. The vital signs include: temperature 36.7°C (98.0°F), blood pressure 126/74 mm Hg, heart rate 87/min, and respiratory rate 23/min. His physical examination shows minimal bibasilar rales, but otherwise clear lungs on auscultation, grade 2/6 holosystolic murmur, and a benign abdominal physical examination. A computed tomography angiography (CTA) demonstrates a segmental pulmonary embolism (PE). Which of the following is the most appropriate treatment plan for this patient?",Initiate heparin with a bridge to warfarin,"{""A"": ""Initiate warfarin anticoagulation"", ""B"": ""Initiate heparin"", ""C"": ""Initiate heparin with a bridge to warfarin"", ""D"": ""Tissue plasminogen activator (tPA)"", ""E"": ""Consult interventional radiologist (IR) for IVC filter placement""}",step2&3,C,"[""Cardiovascular"", ""Pulmonology / Respiratory""]"
"One week after an aortic valve replacement surgery, a 55-year-old man is brought to the emergency room 30 minutes after the onset of severe, sharp chest pain. He appears pale and dyspneic but is alert, oriented, and speaks in full sentences. His temperature is 38°C (100.4°F), pulse is 192/min and thready, respirations are 22/min, and blood pressure is 80/50 mm Hg. Faint rales can be heard in the lower lung fields on both sides on auscultation. There is a midline thoracotomy scar with mild reddening but without warmth or discharge. A portion of an ECG is shown. The pattern remains unchanged after 1 minute. Which of the following is the most appropriate intervention?",Synchronized cardioversion,"{""A"": ""Epinephrine"", ""B"": ""Synchronized cardioversion"", ""C"": ""Vagal maneuvers"", ""D"": ""Administer magnesium sulfate"", ""E"": ""Administer amiodarone""}",step2&3,B,"[""Cardiovascular"", ""Pulmonology / Respiratory""]"
"A 47-year-old man presents to his primary care physician for headaches. The patient states that he typically has headaches in the morning that improve as the day progresses. Review of systems reveals that he also experiences trouble focusing and daytime fatigue. The patient drinks 2 to 3 alcoholic beverages daily and smokes 1 to 2 cigarettes per day. His past medical history includes diabetes, hypertension, and hypercholesterolemia. His current medications include insulin, metformin, metoprolol, aspirin, and atorvastatin. His temperature is 98.7°F (37.1°C), blood pressure is 157/98 mmHg, pulse is 90/min, respirations are 15/min, and oxygen saturation is 99% on room air. Physical exam reveals a fatigued-appearing obese man with a BMI of 37 kg/m^2. Which of the following is the best initial step in management?",Weight loss,"{""A"": ""Continuous positive airway pressure"", ""B"": ""CT scan of the head"", ""C"": ""Ibuprofen and follow up in 2 weeks"", ""D"": ""Uvulopalatopharyngoplasty"", ""E"": ""Weight loss""}",step2&3,E,"[""Endocrinology / Metabolic"", ""Cardiovascular""]"
"A 56-year-old man comes to the emergency department complaining of substernal chest pain that radiates to the left shoulder. Electrocardiogram (EKG) demonstrates ST-elevations in leads II, III, and aVF. The patient subsequently underwent catheterization with drug-eluting stent placement with stabilization of his condition. On post-operative day 3, the patient experiences stabbing chest pain that is worse with inspiration, diaphoresis, and general distress. His temperature is 98.7°F (37.1°C), blood pressure is 145/97mmHg, pulse is 110/min, and respirations are 23/min. EKG demonstrates diffuse ST-elevations. What is the best treatment for this patient?",Aspirin,"{""A"": ""Aspirin"", ""B"": ""Atorvastatin"", ""C"": ""Lisinopril"", ""D"": ""Needle thoracotomy"", ""E"": ""Surgery""}",step1,A,"[""Cardiovascular"", ""Emergency / Critical Care""]"
"A 62-year-old man with a 5-year history of chronic obstructive pulmonary disease comes to the physician for a follow-up examination. He has had episodic palpitations over the past week. His only medication is a tiotropium-formoterol inhaler. His pulse is 140/min and irregular, respirations are 17/min, and blood pressure is 116/70 mm Hg. Pulse oximetry on room air shows an oxygen saturation of 95%. The lungs are clear to auscultation. Cardiac examination shows no murmurs, rubs, or gallops. Serum concentrations of electrolytes, thyroid-stimulating hormone, and cardiac troponins are within the reference range. An electrocardiogram is shown. Which of the following is the most appropriate next step in management?",Verapamil therapy,"{""A"": ""Synchronized cardioversion"", ""B"": ""Radiofrequency ablation"", ""C"": ""Procainamide therapy"", ""D"": ""Verapamil therapy"", ""E"": ""Propranolol therapy\n\""""}",step2&3,D,"[""Cardiovascular"", ""Pulmonology / Respiratory""]"
"A 35-year-old man comes to the physician because of dull abdominal pain on his right side for 4 months. He also reports episodic nausea and vomiting during this period. He does not have fever, altered bowel habits, or weight loss. He has had a pet dog for 8 years. He appears healthy. Vital signs are within normal limits. Abdominal examination shows a nontender mass 3 cm below the right costal margin that moves with respiration. Laboratory studies show:
Hemoglobin 14.6 g/dL
Leukocyte count 7200/mm3
Segmented neutrophils 58%
Eosinophils 8%
Lymphocytes 30%
Monocytes 4%
Ultrasound of the abdomen shows a focal hypoechoic cyst within the liver measuring 7 cm. An ELISA confirms the diagnosis. He is scheduled for CT-guided percutaneous drainage under general anesthesia with orotracheal intubation. Seven minutes into the procedure, the patient's oxygen saturation suddenly decreases from 95% to 64%. His heart rate is 136/min, and blood pressure is 86/58 mm Hg. Capnography cannot record an end tidal CO2 waveform. Breath sounds are absent bilaterally. Which of the following is most appropriate next step in management?""",Epinephrine,"{""A"": ""Exploratory laparotomy"", ""B"": ""Epinephrine"", ""C"": ""Cricothyrotomy"", ""D"": ""Chest tube insertion"", ""E"": ""Norepinephrine\n\""""}",step2&3,B,"[""Gastroenterology"", ""Cardiovascular""]"
"A 57-year-old man with a known angina pectoris starts to experience a severe burning retrosternal pain that radiates to his left hand. After 2 consecutive doses of sublingual nitroglycerin taken 5 minutes apart, there is no improvement in his symptoms, and the patient calls an ambulance. Emergency medical service arrives within 10 minutes and begins evaluation and prehospital management. The vital signs include: blood pressure 85/50 mm Hg, heart rate 96/min, respiratory rate 19/min, temperature 37.1℃ (98.9℉), and SpO2 89% on ambient air. Oxygen supply and intravenous access are established. An ECG shows the findings in the given image. Which of the following is a part of a proper further prehospital management strategy for this patient?",Administer aspirin 325 mg and transport to percutaneous coronary intervention center,"{""A"": ""Administer aspirin 81 mg and transport to a percutaneous coronary intervention center"", ""B"": ""Perform pre-hospital thrombolysis and transport to a percutaneous coronary intervention center"", ""C"": ""Perform pre-hospital thrombolysis and transport to emergency department irrespective of percutaneous coronary intervention center presence"", ""D"": ""Administer aspirin 325 mg and transport to percutaneous coronary intervention center"", ""E"": ""Administer nitroglycerin and transport to percutaneous coronary intervention center""}",step2&3,D,"[""Cardiovascular"", ""Pulmonology / Respiratory""]"
"A 10-year-old boy is brought to the emergency room after a fall from a horse. He has severe pain in his right forearm. He has a history of asthma and atopic dermatitis. His current medications include an albuterol inhaler and hydrocortisone cream. Examination shows an open fracture of the right forearm and no other injuries. The patient is given a parenteral infusion of 1 L normal saline, cefazolin, morphine, and ondansetron. The right forearm is covered with a splint. Informed consent for surgery is obtained. Fifteen minutes later, the patient complains of shortness of breath. He has audible wheezing. His temperature is 37.0°C (98.6°F), heart rate is 130/min, respiratory rate is 33/min, and blood pressure is 80/54 mm Hg. Examination shows generalized urticaria and lip swelling. There is no conjunctival edema. Scattered wheezing is heard throughout both lung fields. Which of the following is the most appropriate next step in management?",Administer intramuscular epinephrine,"{""A"": ""Administer intravenous diphenhydramine"", ""B"": ""Administer vancomycin and piperacillin-tazobactam"", ""C"": ""Administer intravenous methylprednisolone"", ""D"": ""Administer intramuscular epinephrine"", ""E"": ""Endotracheal intubation""}",step2&3,D,"[""Pulmonology / Respiratory"", ""Orthopedics / Trauma""]"
"A 23-year-old active college student has a sudden loss of consciousness 40 minutes after he was playing basketball with his team. Cardiopulmonary resuscitation is administered by bystanders. On arrival of emergency medical professionals, he regains his consciousness. He has no past medical history. He does not smoke or drink alcohol. His family history is positive for a cousin who died suddenly in his youth. On physical examination, a systolic ejection murmur is audible on the left lower sternal border. ECG shows left ventricular hypertrophy and echocardiography shows asymmetric septal hypertrophy. Which of the following decreases the pressure gradient between the aorta and the left ventricle in this patient?",Metoprolol,"{""A"": ""High-dose diuretics"", ""B"": ""Digoxin"", ""C"": ""Nitroglycerin"", ""D"": ""Metoprolol"", ""E"": ""Forceful attempted exhalation against a closed airway""}",step2&3,D,"[""Cardiovascular"", ""Neurology""]"
"A 17-year-old boy presents to the emergency department for the evaluation of severe chest pain that started one hour ago. The pain suddenly began after he lifted a heavy object and the pain is constant. He has no history of a serious illness and takes no medications. His blood pressure is 125/85 mm Hg, the pulse is 89/min, the respiratory rate is 15/min, and the temperature is 36.7°C (98.1°F). Examination of the supraclavicular notch shows mild swelling of the skin with crepitation on palpation. Auscultation of the precordium in the left lateral decubitus position reveals a clicking sound with every heartbeat. The remainder of the physical examination shows no abnormalities. A chest X-ray is shown. Which of the following is the most appropriate next step in management?",Supplemental oxygen,"{""A"": ""Chest tube"", ""B"": ""Needle aspiration"", ""C"": ""Supplemental oxygen"", ""D"": ""Surgical exploration"", ""E"": ""Video-assisted thoracoscopic surgery""}",step2&3,C,"[""Pulmonology / Respiratory"", ""Dermatology""]"
"A 42-year-old man is brought to the emergency department 20 minutes after the sudden onset of severe chest pain, diaphoresis, shortness of breath, and palpitations. His symptoms occurred while he was at a party with friends. He has smoked one pack of cigarettes daily for 24 years. He uses cocaine occasionally. The last use was three hours ago. He appears pale. His pulse is 110/min, blood pressure is 178/106 mm Hg, and respirations are 24/min. His pupils are dilated and react sluggishly to light. The lungs are clear to auscultation. An ECG shows tachycardia and ST segment elevation in leads II, III, and aVF. While recording the ECG, the patient loses consciousness. A photo of the ECG at that point is shown. Which of the following is the most appropriate next step in management?",Unsynchronized cardioversion,"{""A"": ""Administer lidocaine"", ""B"": ""Unsynchronized cardioversion"", ""C"": ""Coronary angiography"", ""D"": ""Administer epinephrine"", ""E"": ""Synchronized cardioversion""}",step2&3,B,"[""Cardiovascular"", ""Neurology""]"
"A 77-year-old man presents to the emergency department complaining of feeling like “his heart was racing” for the last 8 days. He denies any chest pain, dizziness, or fainting but complains of fatigue, difficulty breathing with exertion, and swelling of his legs bilaterally for the last 2 weeks. He has had hypertension for the last 25 years. He has a long history of heavy alcohol consumption but denies smoking. His blood pressure is 145/70 mm Hg and the pulse is irregular at the rate of 110/min. On examination of his lower limbs, mild pitting edema is noted of his ankles bilaterally. On cardiac auscultation, heart sounds are irregular. Bibasilar crackles are heard with auscultation of the lungs. An ECG is ordered and the result is shown in the image. Transesophageal echocardiography shows a reduced ejection fraction of 32% and dilatation of all chambers of the heart without any obvious intracardiac thrombus. Which of the following is the optimal therapy for this patient?",Rivaroxaban for 3–4 weeks followed by cardioversion and continuation of rivaroxaban,"{""A"": ""Observation"", ""B"": ""Immediate direct current (DC) cardioversion"", ""C"": ""Rivaroxaban for 3\u20134 weeks followed by cardioversion and continuation of rivaroxaban"", ""D"": ""Warfarin and diltiazem indefinitely"", ""E"": ""Catheter ablation for pulmonary vein isolation""}",step2&3,C,"[""Cardiovascular"", ""Emergency / Critical Care""]"
"A 25-year-old woman presents to the emergency department with fatigue and weakness. She states over the past 24 hours she has not felt like herself and has felt like she has no strength. The patient has no significant past medical history other than a single episode of blood-tinged diarrhea 1 week ago which resolved on its own. Her temperature is 99.4°F (37.4°C), blood pressure is 124/62 mmHg, pulse is 95/min, respirations are 29/min, and oxygen saturation is 95% on room air. Physical exam is notable for 2/5 strength of the lower extremities and decreased sensation in the lower extremities and finger tips. Which of the following is the best initial step in management?",Spirometry,"{""A"": ""Dexamethasone"", ""B"": ""Intubation"", ""C"": ""IV immunoglobulin"", ""D"": ""Pyridostigmine"", ""E"": ""Spirometry""}",step2&3,E,"[""Pulmonology / Respiratory"", ""Gastroenterology""]"
"Three days after undergoing coronary artery bypass surgery, a 72-year-old man has severe right upper quadrant pain, fever, nausea, and vomiting. He has type 2 diabetes mellitus, benign prostatic hyperplasia, peripheral vascular disease, and chronic mesenteric ischemia. He had smoked one pack of cigarettes daily for 30 years but quit 10 years ago. He drinks 8 cans of beer a week. His preoperative medications include metformin, aspirin, simvastatin, and finasteride. His temperature is 38.9°C (102°F), pulse is 102/min, respirations are 18/min, and blood pressure is 110/60 mmHg. Auscultation of the lungs shows bilateral inspiratory crackles. Cardiac examination shows no murmurs, rubs or gallops. Abdominal examination shows soft abdomen with tenderness and sudden inspiratory arrest upon palpation in the right upper quadrant. There is no rebound tenderness or guarding. Laboratory studies show the following:
Hemoglobin 13.1 g/dL
Hematocrit 42%
Leukocyte count 15,700/mm3
Segmented neutrophils 65%
Bands 10%
Lymphocytes 20%
Monocytes 3%
Eosinophils 1%
Basophils 0.5%
AST 40 U/L
ALT 100 U/L
Alkaline phosphatase 85 U/L
Total bilirubin 1.5 mg/dL
Direct 0.9 mg/dL
Amylase 90 U/L
Abdominal ultrasonography shows a distended gallbladder, thickened gallbladder wall with pericholecystic fluid, and no stones. Which of the following is the most appropriate next step in management?""",Intravenous piperacillin-tazobactam therapy and percutaneous cholecystostomy,"{""A"": ""Intravenous heparin therapy followed by embolectomy"", ""B"": ""Careful observation with serial abdominal examinations"", ""C"": ""Immediate cholecystectomy"", ""D"": ""Intravenous piperacillin-tazobactam therapy and percutaneous cholecystostomy"", ""E"": ""Endoscopic retrograde cholangiopancreatography with papillotomy""}",step2&3,D,"[""Gastroenterology"", ""Cardiovascular""]"
"A 66-year-old man is brought to the emergency department with complaints of progressively worsening hemoptysis. The patient states that he has had a chronic cough on account of his COPD, but he noticed that he had been coughing more consistently and frequently for the past 3 weeks. Initially, the blood in his sputum was minimal, but he now is seeing a substantial amount of blood and is concerned. He denies any other changes in his sputum over the past 3 weeks, except for the increased amount of blood. He denies shortness of breath, fatigue, fever, or lightheadedness. He notes that he has unintentionally lost about 5 kg (11 lb) over the past month and has had some mild muscle cramping in his legs. Aside from COPD, the patient also has hypertension and was recently diagnosed with gout. He quit smoking 3 years ago, and he had a 25-pack-year history prior to cessation. His current medications include colchicine, lisinopril, and baby aspirin. The vital signs include: blood pressure 92/58mm Hg, pulse 105/min, respiratory rate 12/min, temperature 37.0°C (98.6°F), and oxygen saturation 95% on room air. There are crackles in the right lung base on auscultation. A chest radiograph reveals a poorly-circumscribed 2 cm nodule in the right lower lobe. Which of the following is the best next step in this patient’s management?",Secure airway and maintain adequate oxygen saturation,"{""A"": ""Consult a radiologist to perform a bronchial artery embolization"", ""B"": ""Consult a pulmonologist to perform a fiberoptic bronchoscopy"", ""C"": ""Secure airway and maintain adequate oxygen saturation"", ""D"": ""Obtain a chest CT to determine site of bleeding"", ""E"": ""Insert a nasogastric tube to determine site of bleeding""}",step2&3,C,"[""Pulmonology / Respiratory"", ""Cardiovascular""]"
"A 55-year-old patient is brought to the emergency department because he has had sharp chest pain for the past 3 hours. He reports that he can only take shallow breaths because deep inspiration worsens the pain. He also reports that the pain increases with coughing. Two weeks ago, he underwent cardiac catheterization for an acute myocardial infarction. Current medications include aspirin, ticagrelor, atorvastatin, metoprolol, and lisinopril. His temperature is 38.54°C (101.1°F), pulse is 55/min, respirations are 23/min, and blood pressure is 125/75 mm Hg. Cardiac examination shows a high-pitched scratching sound best heard when the patient is sitting upright and during expiration. An ECG shows diffuse ST elevations and ST depression in aVR and V1. An echocardiography shows no abnormalities. Which of the following is the most appropriate treatment in this patient?",Increase aspirin dose,"{""A"": ""Start heparin infusion"", ""B"": ""Administer nitroglycerin"", ""C"": ""Increase aspirin dose"", ""D"": ""Perform pericardiocentesis"", ""E"": ""Perform CT angiography""}",step2&3,C,"[""Cardiovascular"", ""Psychiatry""]"
"A 50-year-old man is brought to the emergency department with progressive retrosternal chest pain and shortness of breath that started the day before. The pain is severe, worsens with inspiration, and radiates to his neck. He has also had a sore throat and neck pain the last 4 days. He remained bed-bound during this time and had poor appetite. One week ago, he underwent an upper endoscopy for peptic ulcer disease. He has type 2 diabetes mellitus, peptic ulcer disease, hyperlipidemia, and hypertension. His only medication is omeprazole. He does not smoke or drink alcohol. He appears in significant distress. His temperature is 39.1°C (102.3°F), pulse is 108/min, respirations are 28/min, and blood pressure is 88/46 mm Hg. The lungs are clear to auscultation. Cardiac examinations shows tachycardia but is otherwise unremarkable. The abdomen is soft and nontender. Oropharyngeal examination is limited because the patient is unable to open his mouth due to pain. His hematocrit is 42%, leukocyte count is 13,800/mm3, and platelet count is 205,000/mm3. The patient is intubated in the emergency department and appropriate treatment is started. Chest x-ray shows a widened mediastinum. Which of the following is most likely to have prevented this patient's condition?",Intravenous ampicillin-sulbactam administration,"{""A"": ""Pericardiocentesis"", ""B"": ""Intravenous methylprednisolone administration"", ""C"": ""Intravenous ampicillin-sulbactam administration"", ""D"": ""Blood pressure control"", ""E"": ""Intravenous levofloxacin administration\n\""""}",step2&3,C,"[""Gastroenterology"", ""Cardiovascular""]"
"A 72-year-old man presents to the emergency department with chest pain and shortness of breath. An EKG demonstrates an ST elevation myocardial infarction, and he is managed appropriately. The patient suffers from multiple comorbidities and was recently hospitalized for a myocardial infarction. The patient has a documented living will, which specifies that he does wish to receive resuscitative measures and blood products but refuses intubation in any circumstance. The patient is stabilized and transferred to the medical floor. On day 2, the patient presents with ventricular fibrillation and a resuscitative effort occurs. He is successfully resuscitated, but his pulmonary parameters warrant intervention and are acutely worsening. The patient's wife, son, and daughter are present and state that the patient should be intubated. The patient's prognosis even with intubation is very poor. Which of the following describes the best course of action?",Do not intubate the patient given his living will,"{""A"": ""Consult the hospital ethics committee"", ""B"": ""Do not intubate the patient as his prognosis is poor even with intubation"", ""C"": ""Do not intubate the patient given his living will"", ""D"": ""Intubate the patient - a patient's next of kin take precedence over a living will"", ""E"": ""Intubate the patient - the family is representing the patient's most recent and accurate wishes""}",step1,C,"[""Cardiovascular"", ""Pulmonology / Respiratory""]"
"A 17-year-old male is brought to the emergency department following a motor vehicle accident. He has suffered several wounds and is minimally responsive. There is a large laceration on his forehead as well as a fracture of his nasal bridge. He appears to be coughing and spitting blood. He is already wearing a soft collar. Vitals are as follows: T 36.4C, BP 102/70 mmHg, HR 126 bpm, and RR 18 rpm, and SpO2 is 88% on RA. He has 2 peripheral IVs and received 2L of IV normal saline on route to the hospital. There is frank blood in the oropharynx. Breath sounds are present bilaterally. Abdomen is distended and tender. Pulses are 1+. Which of the following should be the first step in management?",Cricothyroidotomy,"{""A"": ""Blood transfusion with unmatched blood"", ""B"": ""Focused Assessment with Sonography for Trauma (FAST) scan"", ""C"": ""Orotracheal intubation"", ""D"": ""Type and screen for matched blood transfusion"", ""E"": ""Cricothyroidotomy""}",step2&3,E,"[""Pulmonology / Respiratory"", ""Gastroenterology""]"
"Two days after coronary artery stent placement for a posterior myocardial infarction, a 70-year-old woman complains of difficulty breathing and retrosternal chest pain. She has a history of atrial fibrillation, for which she takes verapamil. Following stent placement, the patient was started on aspirin and clopidogrel. She appears to be in acute distress and is disoriented. Respirations are 22/min. Pulse oximetry on room air shows an oxygen saturation of 80%. Diffuse crackles are heard on auscultation of the chest. The patient is intubated and mechanical ventilation is started. Shortly afterwards, she becomes unresponsive. Heart sounds are inaudible and her carotid pulses are not palpable. The cardiac monitor shows normal sinus rhythm with T-wave inversion. Which of the following is the most appropriate next step in management?",Chest compressions,"{""A"": ""Unsynchronized cardioversion"", ""B"": ""Intravenous epinephrine therapy"", ""C"": ""Chest compressions"", ""D"": ""Coronary angiography"", ""E"": ""Synchronized cardioversion""}",step2&3,C,"[""Cardiovascular"", ""Pulmonology / Respiratory""]"
"A 49-year-old woman comes to the physician because of a 4-month history of a dry cough and shortness of breath on exertion. She also reports recurrent episodes of pain, stiffness, and swelling in her wrist and her left knee over the past 6 months. She had two miscarriages at age 24 and 28. Physical examination shows pallor, ulcerations on the palate, and annular hyperpigmented plaques on the arms and neck. Fine inspiratory crackles are heard over bilateral lower lung fields on auscultation. Which of the following additional findings is most likely in this patient?",Decreased diffusing capacity,"{""A"": ""Decreased A-a gradient"", ""B"": ""Decreased right atrial pressure"", ""C"": ""Increased airway resistance"", ""D"": ""Decreased diffusing capacity"", ""E"": ""Increased lung compliance""}",step1,D,"[""Pulmonology / Respiratory"", ""Orthopedics / Trauma""]"
"A 43-year-old woman is brought to the emergency department 10 minutes after the sudden onset of shortness of breath, dry cough, nausea, and an itchy rash. The symptoms started 15 minutes after she had dinner with her husband and her two sons at a local seafood restaurant. The patient has a 2-year history of hypertension treated with enalapril. She also uses an albuterol inhaler as needed for exercise-induced asthma. Empiric treatment with her inhaler has not notably improved her current symptoms. She has smoked one pack of cigarettes daily for the last 20 years. She drinks one to two glasses of wine every other day. She has never used illicit drugs. She appears uncomfortable and anxious. Her pulse is 124/min, respirations are 22/min and slightly labored, and blood pressure is 82/68 mm Hg. Examination of the skin shows erythematous patches and wheals over her trunk, back, upper arms, and thighs. Her lips appear slightly swollen. Expiratory wheezing is heard throughout both lung fields. The remainder of the physical examination shows no abnormalities. Which of the following is the most appropriate next step in the management of this patient?",Intramuscular epinephrine administration,"{""A"": ""Intramuscular epinephrine administration"", ""B"": ""Intravenous methylprednisolone administration"", ""C"": ""Nebulized albuterol administration"", ""D"": ""Endotracheal intubation"", ""E"": ""Intravenous diphenhydramine and ranitidine administration""}",step2&3,A,"[""Pulmonology / Respiratory"", ""Dermatology""]"
"A 56-year-old man suffered seizure-like activity followed by a loss of consciousness within minutes after surfacing from a recreational 55-foot dive with some friends. His friends laid him on his side and called emergency services. Past medical history is significant for paroxysmal atrial fibrillation status post failed catheter ablation. Current medications are low-dose metoprolol, a daily baby aspirin, and a daily multivitamin. When the emergency response team arrived, they found the patient with altered mental status. His blood pressure was 92/54 mm Hg and heart rate was 115/min. On physical examination, his skin appears mottled and his breath sounds are shallow. Which of the following is the next best step in the management of this patient?",Secure the patient’s airway and administer 100% oxygen and rapid transport for recompression in a hyperbaric chamber.,"{""A"": ""Give a loading dose of phenytoin followed by 12-hour infusion."", ""B"": ""Insert 2 large bore IVs and start high volume fluid resuscitation."", ""C"": ""Secure the patient\u2019s airway and administer 100% oxygen and rapid transport for recompression in a hyperbaric chamber."", ""D"": ""Obtain a noncontrast head CT and administer tissue plasminogen activator (tPA)."", ""E"": ""Obtain an electrocardiogram and bolus amiodarone.""}",step1,C,"[""Cardiovascular"", ""Neurology""]"
"A 59-year-old patient with COPD is admitted with difficulty breathing and increased sputum production. Approx. a week ago, he developed an upper respiratory tract infection. On admission, his blood pressure is 130/80 mm Hg, the heart rate 92/min, the respiratory rate 24/min, the temperature 37.6°C (99.7°F), and SaO2 on room air 87%. Chest radiograph shows consolidation in the lower lobe of the right lung. Arterial blood gases (ABG) are taken and antibiotics are started. A nasal cannula provides 2L of oxygen to the patient. When the ABG results arrive, the patient’s SaO2 is 93%. The results are as follows:
pH 7.32
PaO2 63 mm Hg
PaCO2  57 mm Hg
HCO3- 24 mEq/L
What is the most appropriate next step in the management of this patient?",Start non-invasive positive pressure ventilation,"{""A"": ""Increase oxygen to SaO2 > 95%"", ""B"": ""Re-take the ABG and observe the patient until the results are available"", ""C"": ""Start non-invasive positive pressure ventilation"", ""D"": ""Intubate and start invasive ventilation"", ""E"": ""Administer oral corticosteroids""}",step2&3,C,"[""Pulmonology / Respiratory"", ""Cardiovascular""]"
"A 63-year-old woman with a previous diagnosis of rheumatoid arthritis and Sjogren syndrome was referred for a second opinion. She has had a known chronic idiopathic pericardial effusion for about a year and has dealt with intermittent chest pain ever since. She underwent 2 diagnostic pericardiocenteses, but the fluid returned each time. She also has used empiric anti-inflammatory therapies with NSAIDs and colchicine without significant changes in the size of the pericardial effusion. The etiological testing was negative. At this visit, she is still complaining of pain in her chest but has no evidence of distended neck veins. An ECG shows sinus rhythm with low QRS voltages. What will be the procedure of choice that would be both therapeutic and diagnostic?",Pericardial window,"{""A"": ""Pericardial window"", ""B"": ""Repeated pericardiocentesis"", ""C"": ""Pericardiectomy"", ""D"": ""Non-surgical management"", ""E"": ""Pericardiodesis""}",step2&3,A,"[""Pulmonology / Respiratory"", ""Rheumatology / Immunology""]"
"A 60-year-old Caucasian man comes to the physician because of progressive fatigue, shortness of breath, and leg swelling for the past 4 months. He has to pause several times when climbing one flight of stairs. For the past 10 years, he has had joint pain in his hands, wrists, and knees. He has diabetes mellitus and hypertension controlled with daily insulin injections and a strict low-calorie, low-sodium diet. He takes ibuprofen as needed for his joint pain. His wife says that he snores at night. He drinks two to three beers daily. He has smoked half a pack of cigarettes daily for the past 40 years. He went camping in northern New York one week ago. His vital signs are within normal limits. Physical examination shows jugular venous distention, pitting edema around the ankles, and tanned skin. Crackles are heard at both lung bases. An S3 is heard at the apex. The liver is palpated 2 to 3 cm below the right costal margin. His skin appears dark brown. An ECG shows a left bundle branch block. Echocardiography shows left atrial and ventricular enlargement, reduced left ventricular ejection fraction, and mild mitral regurgitation. Which of the following is most likely to have prevented this patient's condition?",Regular phlebotomy,"{""A"": ""Smoking cessation"", ""B"": ""Nocturnal continuous positive airway pressure therapy"", ""C"": ""Surgical valve repair"", ""D"": ""Regular phlebotomy"", ""E"": ""Protective clothing""}",step2&3,D,"[""Cardiovascular"", ""Pulmonology / Respiratory""]"
"A 57-year-old woman presents complaining of feeling sleepy all the time. She reports having an uncontrollable urge to take multiple naps during the day and sometimes sees strange shadows in front of her before falling asleep. Although she awakens feeling refreshed and energized, she often finds herself ‘stuck’ and cannot move for a while after waking up. She also mentions she is overweight and has failed to lose weight despite multiple attempts at dieting and using exercise programs. No significant past medical history. No current medications. The patient denies smoking, alcohol consumption, or recreational drug usage. Family history reveals that both her parents were overweight, and her father had hypertension. Her vital signs include: pulse 84/min, respiratory rate 16/min, and blood pressure 128/84 mm Hg. Her body mass index (BMI) is 36 kg/m2. Physical examination is unremarkable. Which of the following medications is the best course of treatment in this patient?",Methylphenidate,"{""A"": ""Melatonin"", ""B"": ""Methylphenidate"", ""C"": ""Alprazolam"", ""D"": ""Orlistat"", ""E"": ""Continuous positive airway pressure (CPAP)""}",step1,B,"[""Cardiovascular"", ""Pulmonology / Respiratory""]"
"A previously healthy 22-year-old woman comes to the emergency department because of several episodes of palpitations that began a couple of days ago. The palpitations are intermittent in nature, with each episode lasting 5–10 seconds. She states that during each episode she feels as if her heart is going to “spin out of control.” She has recently been staying up late to study for her final examinations. She does not drink alcohol or use illicit drugs. She appears anxious. Her temperature is 37°C (98.6°F), pulse is 75/min, and blood pressure is 110/75 mm Hg. Physical examination shows no abnormalities. An ECG is shown. Which of the following is the most appropriate next step in management?",Observation and rest,"{""A"": ""Echocardiography"", ""B"": ""Observation and rest"", ""C"": ""Electrical cardioversion"", ""D"": ""Pharmacologic cardioversion"", ""E"": ""Cardiac catheter ablation\n\""""}",step2&3,B,"[""Cardiovascular"", ""Emergency / Critical Care""]"
"A 57-year-old man is brought to the emergency department after having chest pain for the last hour. He rates his pain as 8/10, dull in character, and says it is associated with sweating and shortness of breath. He has a history of diabetes and hypercholesterolemia. His current medication list includes amlodipine, aspirin, atorvastatin, insulin, and esomeprazole. He has smoked 2 packs of cigarettes per day for the past 25 years. His blood pressure is 98/66 mm Hg, pulse is 110/min, oxygen saturation is 94% on room air, and BMI is 31.8 kg/m2. His lungs are clear to auscultation. An electrocardiogram (ECG) is shown below. The patient is given 325 mg of oral aspirin and sublingual nitroglycerin. What is the most appropriate next step in the management of this condition?",Percutaneous coronary intervention,"{""A"": ""Echocardiography"", ""B"": ""Enoxaparin"", ""C"": ""Metoprolol"", ""D"": ""Observation"", ""E"": ""Percutaneous coronary intervention""}",step2&3,E,"[""Endocrinology / Metabolic"", ""Cardiovascular""]"
"A 68-year-old woman is brought to the emergency department by her son for altered mental status. She recently had a right knee arthroplasty and was discharged 2 days ago. Her medical history is significant for type 2 diabetes mellitus and hypertension, for which she takes metformin and hydrochlorothiazide, respectively. She also had left cataract surgery 1 year ago. Her temperature is 97°F (36.1°C), blood pressure is 99/70 mmHg, pulse is 60/min, respirations are 8/min. Her exam is notable for anisocoria with an irregularly shaped left pupil and a 1 mm in diameter right pupil. She opens her eyes and withdraws all of her limbs to loud voice and painful stimulation. Her fingerstick glucose level is 79. The patient does not have any intravenous access at this time. What is the best next step in management?",Intranasal naloxone,"{""A"": ""Computed tomography of head without contrast"", ""B"": ""Forced air warmer"", ""C"": ""Intranasal naloxone"", ""D"": ""Intubate"", ""E"": ""Orange juice by mouth""}",step2&3,C,"[""Endocrinology / Metabolic"", ""Cardiovascular""]"
